<?xml version="1.0" encoding="utf-8"?>
<install type="module" version="1.5.0">
  <name>Menu Zonales</name>
  <author>Mediabit</author>
  <creationDate>Junio 2009</creationDate>
  <copyright/>
  <license/>
  <authorEmail/>
  <authorUrl>http://www.mediabit.com.ar</authorUrl>
  <version>0.1</version>
  <description>MENUZONALES_DESC</description>
  <files>
    <filename module="mod_menuzonales">mod_menuzonales.php</filename>
    <filename>index.html</filename>
    <filename>tmpl/default.php</filename>
    <filename>tmpl/index.html</filename>
  </files>
  <languages folder="language">
    <language tag="es-ES">es-ES.mod_menuzonales.ini</language>
  </languages>
  <params>
    <param name="menu_joomla" type="sql" default="" query="SELECT id, name FROM #__menu WHERE published > 0" key_field="id" value_field="name" description="menu_joomla_tip" />
  </params>
</install>