<?xml version="1.0" encoding="utf-8"?>
<!DOCTYPE install SYSTEM "http://dev.joomla.org/xml/1.5/component-install.dtd">
<install type="component" version="1.5.0" method="upgrade">
   <name>JCACL</name>
   <creationDate>2007 11 09</creationDate>
   <author>MightyExtensions</author>
   <authorEmail>support@mightyextensions.com</authorEmail>
   <authorUrl>http://www.joomsuite.com</authorUrl>
   <copyright>2000-2009 JoomSystems Ltd. </copyright>
   <license>GPL</license>
   <version>1.5.3</version>
   <description>This component allow to set the permissions to the users</description>
   <install>
      <sql>
         <file driver="mysql" charset='utf8'>install.mysql.utf8.sql</file>
      </sql>
   </install>
   <uninstall>
      <sql>
         <file driver="mysql"  charset='utf8'>uninstall.mysql.utf8.sql</file>
      </sql>
   </uninstall>
   <administration>
      <menu>.Mighty Permissions</menu>
    	  <submenu>
          <menu link="option=com_jcacl" admin_menu_alt="Permissions">Permissions</menu>
          <menu link="option=com_jcacl&amp;controller=usrgroups" admin_menu_alt="User Groups">User Groups</menu>
        </submenu>
      <files>
         <filename>admin.jcacl.php</filename>
         <filename>controller.php</filename>
         <filename>index.html</filename>
         <filename>install.mysql.utf8.sql</filename>
         <filename>uninstall.mysql.utf8.sql</filename>
		 
         <folder>xml/</folder>
         <folder>helpers/</folder>
         <folder>controllers/</folder>
         <folder>models/</folder>
         <folder>views/</folder>
         <folder>xajax/</folder>
         <folder>images/</folder>
      </files>
   </administration>
</install>   