<?xml version="1.0" encoding="utf-8"?>
<!DOCTYPE install PUBLIC "-//Joomla! 1.5//DTD template 1.0//EN" "http://www.joomla.org/xml/dtd/1.5/template-install.dtd">
<install version="1.5" type="template">
    <name>Z20</name>
    <creationDate>23 Agosto 2010</creationDate>
    <author>Mediabit</author>
    <authorEmail>sschipa@mediabit.com.ar</authorEmail>
    <authorUrl>http://www.mediabit.com.ar</authorUrl>
    <version>2.0</version>
    <description>.</description>
    
    <files>
        <!--<file>component_edit.php</file>
        <file>component_map.php</file>
        <file>component_home.php</file>
        <file>component.php</file>
        <file>auth_util.php</file>
        <file>raw.php</file>
        <folder>html</folder>
        <folder>javafx</folder>-->
        <file>component_only.php</file>        
        <file>favicon.ico</file>        
        <file>index.php</file>
        <file>index.html</file>
        <file>params.ini</file>        
        <file>templateDetails.xml</file>
        <file>template_thumbnail.png</file>
        <folder>css</folder>        
        <folder>images</folder>        
        <folder>js</folder>
        <folder>swf</folder>
    </files>

    <positions>
        <position>head</position>
        <position>topSearch</position>
        <position>bannerTop</position>
        <position>top</position>
        <position>equalizer</position>
        <position>other</position>
        <position>right</position>
        <position>bannerRight</position>
        <position>footer</position>        
    </positions>

    <params>
        <param name="mainColor" type="list" default="violeta" label="Color principal del template" description="Colores disponibles para usar en el template.">
            <option value="violeta">Violeta</option>
            <option value="azul">Azul</option>            
        </param>
    </params>

</install>
