<?xml version="1.0" encoding="utf-8"?>
<install type="module" version="1.5.0">
  <name>Zonal Actual</name>
  <author>Mediabit</author>
  <creationDate>Mayo 2009</creationDate>
  <copyright/>
  <license/>
  <authorEmail/>
  <authorUrl>http://www.mediabit.com.ar</authorUrl>
  <version>0.1</version>
  <description>MOD_ZONALACTUAL_DESC</description>
  <files>
    <filename module="mod_zonalactual">mod_zonalactual.php</filename>
    <filename>index.html</filename>
    <filename>tmpl/default.php</filename>
    <filename>tmpl/index.html</filename>
  </files>
  <languages folder="language">
    <language tag="es-ES">es-ES.mod_zonalactual.ini</language>
  </languages>
  <params>
    <param name="show_label" type="radio" default="0" label="SHOWLABEL" description="TIP_SHOWLABEL">
      <option value="0">NO</option>
      <option value="1">YES</option>
    </param>
    <param name="label_text" type="text" default="Zonal actual:" label="LABEL" description="TIP_LABEL" />
    <param name="nozonal_text" type="text" default="Zonal no seleccionado" label="NOZONALSELECTED" description="TIP_NOZONALSELECTED" />
  </params>
  <params group="advanced">
    <param name="cache" type="radio" default="0" label="CACHING" description="SELECT WHETHER TO CACHE THE CONTENT OF THIS MODULE" >
      <option value="0">NO</option>
      <option value="1">YES</option>
    </param>
  </params>
</install>