<?xml version="1.0" encoding="utf-8"?>
<!DOCTYPE install PUBLIC "-//Joomla! 1.5//DTD template 1.0//EN" "http://www.joomla.org/xml/dtd/1.5/template-install.dtd">
<install version="1.5" type="template">
    <name>Z1</name>
    <creationDate>15 de Enero de 2009</creationDate>
    <author>Mediabit</author>
    <authorEmail>sschipa@mediabit.com.ar</authorEmail>
    <authorUrl>http://www.mediabit.com.ar</authorUrl>
    <version>1.0.0</version>
    <description>Este es el primer template para Zonales.</description>

    <files>
        <file>component_edit.php</file>
        <file>component_map.php</file>
        <file>component_home.php</file>
        <file>component_only.php</file>
        <file>component.php</file>
        <file>favicon.ico</file>
        <file>index.php</file>
        <file>index.html</file>
        <file>params.ini</file>
        <file>raw.php</file>
        <file>templateDetails.xml</file>
        <file>template_thumbnail.png</file>
        <folder>css</folder>
        <folder>html</folder>
        <folder>images</folder>
        <folder>javafx</folder>
        <folder>js</folder>
        <folder>swf</folder>
    </files>

    <positions>
        <position>topsearch</position>
        <position>top</position>
        <position>other</position>
        <position>right</position>
        <position>main</position>
        <position>bottom</position>
        <position>cols</position>
        <position>home_zona</position>
        <position>home_login</position>
        <position>home_register</position>
    </positions>

    <params>
        <param name="mainColor" type="list" default="violeta" label="Color principal del template" description="Colores disponibles para usar en el template.">
            <option value="violeta">Violeta</option>
            <option value="azul">Azul</option>            
        </param>
    </params>

</install>
