<?xml version="1.0" encoding="iso-8859-1"?>
<install version="1.5" type="plugin" group="system" method="upgrade">
    <name>Joomla Suit Access Control Layer Plugin</name>
    <author>Joomlaequipment</author>
    <creationDate>January 17</creationDate>
    <copyright>JoomSuite</copyright>
    <license>Commercial</license>
    <authorEmail>support@joomlaequpment.com</authorEmail>
    <authorUrl>www.joomlaequipment.com</authorUrl>
    <version>2.7</version>
    <description>This plug-in controls the Access of the Users. Configured by the Administrator</description>
    <files>
        <filename plugin="jcacl">jcacl.php</filename>
    </files>

</install>