<?xml version="1.0" encoding="utf-8"?>
<install type="module" version="1.5.0">
    <name>Modulo Ecualizador</name>
    <author>Mediabit</author>
    <creationDate>Marzo 2010</creationDate>
    <copyright/>
    <license/>
    <authorEmail/>
    <authorUrl>http://www.mediabit.com.ar</authorUrl>
    <version>0.1</version>
    <description>Mod Eq Desc</description>
    <files>
        <filename module="mod_eq">mod_eq.php</filename>
        <filename>index.html</filename>
        <filename>tmpl/default.php</filename>
        <filename>tmpl/index.html</filename>
    </files>
    <languages folder="language">
        <language tag="es-ES">es-ES.mod_eq.ini</language>
    </languages>
    <params>
        <param name="use_module_title" type="radio" default="0" label="use_module_title" description="use_module_title_tip">
            <option value="0">no</option>
            <option value="1">yes</option>
        </param>
        <param name="title" type="text" label="title" default="Ecualizador de Interés" description="title_tip" />
        <param name="description" type="textarea" rows="3" cols="40" label="eq_description" default="El Ecualizador de Interés le permite personalizar los contenidos que el portal le ofrece." description="eq_description_tip" />
        <param name="error_no_eq" type="textarea" rows="3" cols="40" label="error_no_eq" default="No se ha podido recuperar el ecualizador." description="error_no_eq_tip" />
    </params>
    <params group="advanced">
    </params>
</install>
