<?xml version="1.0" encoding="utf-8"?>
<!--
* XML Setup file
*
* @version		$Id: jwf.xml 1443 2009-08-16 15:05:47Z mostafa.muhammad $
* @package		Joomla
* @subpackage	JWF.core
* @copyright	Copyright (C) 2008 Mostafa Muhammad. All rights reserved.
* @license		GNU/GPL
-->
<!DOCTYPE install SYSTEM "http://dev.joomla.org/xml/1.5/component-install.dtd">
<install type="component" version="1.5.0">
	<name>JWF</name>
	<creationDate>April 30th, 2009</creationDate>
	<author>Mostafa Muhammad</author>
	<authorEmail>mostafa.mohmmed@gmail.com</authorEmail>
	<authorUrl>http://mostafa.mosmar.com/blog</authorUrl>
	<copyright>Copyright (C) 2009 Mostafa Muhammad. All rights reserved.</copyright>
	<license>GNU/GPL</license>
	<version>Beta</version>
	<description>JWF (Joomla! Workflow) is a simple content workflow management extension *mainly* for Joomla! 1.6.<br />JWF is my Google Summer of Code 2009 Project.</description>
	<files folder="components/com_jwf">
			<file>index.html</file>
			<file>jwf.php</file>
			<file>router.php</file>
	</files>
	
		
 	<media destination="com_jwf" folder="media/com_jwf">  
		<folder>images</folder>
		<folder>css</folder>
		<folder>scripts</folder>
		<folder>plugins</folder>
		<file>index.html</file>  
	</media> 
	
	<languages folder='language/en-GB'><language tag="en-GB">en-GB.com_jwf.ini</language></languages>
	
	<install><sql><file charset="utf8" driver="mysql">installation/install.sql</file></sql></install>
	<installfile>installation/install.jwf.php</installfile>
	
	<uninstall><sql><file charset="utf8" driver="mysql">installation/uninstall.sql</file></sql></uninstall>	
	<uninstallfile>installation/uninstall.jwf.php</uninstallfile>

 
	<administration>
		<menu link="option=com_jwf">Workflow Extension</menu>
		<files folder="/">
			<file>plugins/system/jwf.php</file>
			<file>plugins/system/jwf.cron.php</file>
			<file>plugins/system/jwf.xml</file>
		</files>
		
		<files folder="administrator/components/com_jwf">
		
			<file>controller.php</file>
			<file>globals.php</file>
			<file>index.html</file>
			<file>jwf.php</file>

			<file>installation/install.jwf.php</file>
			<file>installation/uninstall.jwf.php</file>
			<file>installation/install.sql</file>
			<file>installation/uninstall.sql</file>
			
			<folder>views</folder>
			<folder>tables</folder>
			<folder>models</folder>
			<folder>libs</folder>
			<folder>language</folder>
			<folder>helper</folder>
			<folder>files</folder>
			<folder>elements</folder>
			<folder>controllers</folder>

                        <folder>plugins/acl_handlers/</folder>
                        <folder>plugins/hook_handlers/</folder>
                        <folder>plugins/field_handlers/</folder>
                        <folder>plugins/validation_handlers/</folder>
                        <folder>plugins/component_handlers/</folder>

			<file>plugins/index.html</file>
			<!--<file>plugins/hook_handlers/base.php</file>
			<file>plugins/hook_handlers/index.html</file>
			<file>plugins/hook_handlers/plugins.list</file>
			<file>plugins/hook_handlers/mail/index.html</file>
			<file>plugins/hook_handlers/mail/mail.php</file>
			<file>plugins/hook_handlers/mail/mail.xml</file>
			<file>plugins/field_handlers/base.php</file>
			<file>plugins/field_handlers/index.html</file>
			<file>plugins/field_handlers/plugins.list</file>
			<file>plugins/field_handlers/comments/comments.php</file>
			<file>plugins/field_handlers/comments/index.html</file>
                        <file>plugins/validation_handlers/base.php</file>
			<file>plugins/validation_handlers/index.html</file>
			<file>plugins/validation_handlers/plugins.list</file>
                        <file>plugins/validation_handlers/test/index.html</file>
			<file>plugins/validation_handlers/test/test.php</file>			
			<file>plugins/component_handlers/base.php</file>
			<file>plugins/component_handlers/index.html</file>
			<file>plugins/component_handlers/plugins.list</file>
			<file>plugins/component_handlers/content/content.ini</file>
			<file>plugins/component_handlers/content/content.php</file>
			<file>plugins/component_handlers/content/index.html</file>
			<file>plugins/component_handlers/contact/contact.ini</file>
			<file>plugins/component_handlers/contact/contact.php</file>
			<file>plugins/component_handlers/contact/index.html</file>
                        <file>plugins/component_handlers/ads/ads.ini</file>
			<file>plugins/component_handlers/ads/ads.php</file>
			<file>plugins/component_handlers/ads/index.html</file>
			<file>plugins/acl_handlers/base.php</file>
			<file>plugins/acl_handlers/joomla.php</file>
			<file>plugins/acl_handlers/plugins.list</file>-->
			
			
		</files>		
		<languages folder='administrator/language/en-GB'><language tag="en-GB">en-GB.com_jwf.ini</language></languages>
	</administration>
</install>