<?xml version="1.0" encoding="utf-8"?>
<install type="module" version="1.5.0">
    <name>Modulo Combo Zona</name>
    <author>JPBe</author>
    <creationDate>Mayo 2010</creationDate>
    <copyright/>
    <license/>
    <authorEmail>belen.alegre@gmail.com</authorEmail>
    <authorUrl>http://www.mediabit.com.ar</authorUrl>
    <version>0.1</version>
    <description>Módulo para mostrar zonas y cambiarla</description>
    <files>
        <filename module="mod_combozona">mod_combozona.php</filename>
        <filename>index.html</filename>
        <filename>tmpl/default.php</filename>
        <filename>tmpl/index.html</filename>
    </files>
    <languages folder="language">
        <language tag="es-ES">es-ES.mod_combozona.ini</language>
    </languages>
</install>