<?xml version="1.0" encoding="utf-8"?>
<install type="module" version="1.5.0">
	<name>Zonales Banner</name>
	<author>Mediabit</author>
	<creationDate>July 2008</creationDate>
	<copyright>Copyright (C) 2009 Mediabit. All rights reserved.</copyright>
	<license>http://www.gnu.org/licenses/gpl-2.0.html GNU/GPL</license>
	<authorEmail></authorEmail>
	<authorUrl>www.mediabit.com.ar</authorUrl>
	<version>1.5.0</version>
	<description>DESCBANNER</description>
	<files>
		<filename module="mod_zbanners">mod_zbanners.php</filename>
		<filename>helper.php</filename>
		<filename>index.html</filename>
		<filename>tmpl/default.php</filename>
		<filename>tmpl/index.html</filename>
	</files>
	<languages folder="language">
		<language tag="es-ES">es-ES.mod_zbanners.ini</language>
	</languages>
	<params addpath="/administrator/components/com_banners/elements">
		<param name="target" type="list" default="1" label="Target" description="PARAMTARGET">
			<option value="0">Parent Window With Browser Navigation</option>
			<option value="1">New Window With Browser Navigation</option>
			<option value="2">New Window Without Browser Navigation</option>
		</param>
		<param name="@spacer" type="spacer" default="" label="" description="" />
		<param name="count" type="text" default="1" label="Count" description="PARAMNUMBERITEMS" />
		<param name="cid" type="bannerclient" default="" label="Banner client" description="PARAMSINGLECLIENT" />
		<param name="catid" type="category" section="com_banner" default="" label="Category" description="PARAMCATEGORY" />
		<param name="tag_search" type="radio" default="0" label="Search By Tags" description="PARAMSEARCHBYTAG">
			<option value="0">No</option>
			<option value="1">Yes</option>
		</param>
		<param name="ordering" type="list" default="0" label="Randomise" description="PARAMRANDOMISE">
			<option value="0">Sticky,Ordering</option>
			<option value="random">Sticky,Randomise</option>
		</param>
		<param name="@spacer" type="spacer" default="" label="" description="" />
		<param name="header_text" type="textarea" rows="3" cols="40" default="" label="Header Text" description="PARAMHEADERTEXT" />
		<param name="footer_text" type="textarea" rows="3" cols="40" default="" label="Footer Text" description="PARAMFOOTERTEXT" />
		<param name="moduleclass_sfx" type="text" default="" label="Module Class Suffix" description="PARAMMODULECLASSSUFFIX" />
		<param name="@spacer" type="spacer" default="" label="" description="" />
	</params>
	<params group="advanced">
		<param name="cache" type="list" default="1" label="Caching" description="Select whether to cache the content of this module">
			<option value="1">Use global</option>
			<option value="0">No caching</option>
		</param>
		<param name="cache_time" type="text" default="900" label="Cache Time" description="The time before the module is recached" />
	</params>
</install>
