<?xml version="1.0" encoding="utf-8"?>
<install type="component" version="1.5.0">
    <name>eqzonales</name>
    <author>Mediabit</author>
    <creationDate>2010</creationDate>
    <copyright>Copyright (C) 2010 Mediabit. All rights reserved.</copyright>
    <license>http://www.gnu.org/licenses/gpl-2.0.html GNU/GPL</license>
    <authorEmail/>
    <authorUrl/>
    <version>0.1</version>
    <description>El componente EqZonales provee la funcionalidad necesaria para la administración de Ecualizadores de Interés.</description>
    <install>
        <sql>
            <file driver="mysql" charset="utf8">install.mysql.sql</file>
        </sql>
    </install>
    <uninstall>
        <sql>
            <file driver="mysql" charset="utf8">uninstall.mysql.sql</file>
        </sql>
    </uninstall>
    <!-- <installfile>install.eqzonales.php</installfile>-->
    <files>
        <filename>eqzonales.php</filename>
        <filename>index.html</filename>
        <filename>controller.php</filename>
        <filename>helper.php</filename>

        <filename>controllers/band.php</filename>
        <filename>controllers/eq.php</filename>
        <filename>controllers/hierarchictagging.php</filename>
        <filename>queries/userquery.php</filename>
        <filename>queries/bannerquery.php</filename>
        <filename>hlapi.php</filename>

        
    <filename>views/index.html</filename>
    <filename>views/test/view.html.php</filename>
    <filename>views/test/index.html</filename>
    <filename>views/test/tmpl/index.html</filename>
    <filename>views/test/tmpl/default.php</filename>

    <filename>views/hierarchictagging/view.html.php</filename>
    <filename>views/hierarchictagging/index.html</filename>
    <filename>views/hierarchictagging/tmpl/index.html</filename>
    <filename>views/hierarchictagging/tmpl/default.php</filename>

    <!--
    <filename>views/mapa/view.html.php</filename>
    <filename>views/mapa/index.html</filename>
    <filename>views/mapa/metadata.xml</filename>
    <filename>views/mapa/tmpl/index.html</filename>
    <filename>views/mapa/tmpl/default.xml</filename>
    <filename>views/mapa/tmpl/default.php</filename>
    -->
    </files>
    <languages folder="language">
        <language tag="es-ES">es-ES.com_eqzonales.ini</language>
    </languages>
    <administration>
        <menu>Ecualizador Zonales</menu>
        <!--
        <submenu>
            <menu task="listMenu">Asociar Menús</menu>
            <menu task="listCp2TipoTag">Asociar Tipos</menu>
            <menu task="listTipoTag">Tipos de Tag</menu>
        </submenu>
        -->
        <files folder="admin">
            <filename>uninstall.mysql.sql</filename>
            <filename>install.mysql.sql</filename>

            <filename>admin.eqzonales.php</filename>
            <filename>config.xml</filename>
            <filename>controller.php</filename>
            <filename>helper.php</filename>
            <filename>index.html</filename>
            <filename>toolbar.eqzonales.html.php</filename>
            <filename>toolbar.eqzonales.php</filename>

            <filename>models/index.html</filename>
            <filename>models/banda.php</filename>
            <filename>models/eq.php</filename>

            <filename>tables/index.html</filename>
            <filename>tables/banda.php</filename>
            <filename>tables/eq.php</filename>

            <filename>views/listaeq/tmpl/default.php</filename>
            <filename>views/listaeq/tmpl/index.html</filename>
            <filename>views/listaeq/index.html</filename>
            <filename>views/listaeq/view.html.php</filename>
            <filename>views/eqzonales/tmpl/default.php</filename>
            <filename>views/eqzonales/tmpl/index.html</filename>
            <filename>views/eqzonales/index.html</filename>
            <filename>views/eqzonales/view.html.php</filename>

            <filename>helper/eq.php</filename>
            <filename>helper/contenthelper.php</filename>
            <filename>helper/helper.php</filename>
            <filename>helper/index.html</filename>

            <filename>controllers/band.php</filename>
            <filename>controllers/eq.php</filename>
            <filename>controllers/index.html</filename>

            <!--
            <filename>models/tipotag.php</filename>
            <filename>models/cp2tipotag.php</filename>
            <filename>models/menu.php</filename>
            <filename>models/zbanner.php</filename>

            <filename>tables/tipotag.php</filename>
            <filename>tables/cp2tipotag.php</filename>
            <filename>tables/menu.php</filename>

            <filename>views/listacp2tipotag/tmpl/default.php</filename>
            <filename>views/listacp2tipotag/tmpl/index.html</filename>
            <filename>views/listacp2tipotag/index.html</filename>
            <filename>views/listacp2tipotag/view.html.php</filename>

            <filename>views/listamenu/tmpl/default.php</filename>
            <filename>views/listamenu/tmpl/index.html</filename>
            <filename>views/listamenu/index.html</filename>
            <filename>views/listamenu/view.html.php</filename>

            <filename>views/editatipotag/tmpl/default.php</filename>
            <filename>views/editatipotag/tmpl/index.html</filename>
            <filename>views/editatipotag/index.html</filename>
            <filename>views/editatipotag/view.html.php</filename>

            <filename>views/editacp2tipotag/tmpl/default.php</filename>
            <filename>views/editacp2tipotag/tmpl/index.html</filename>
            <filename>views/editacp2tipotag/index.html</filename>
            <filename>views/editacp2tipotag/view.html.php</filename>

            <filename>views/editamenu/tmpl/default.php</filename>
            <filename>views/editamenu/tmpl/index.html</filename>
            <filename>views/editamenu/index.html</filename>
            <filename>views/editamenu/view.html.php</filename>


            -->
        </files>
        <params>
            <param
                    name="solrurl"
                    type="text"
                    label="Solr Url"
                    default="http://localhost/apache-solr-1.4.0"
                    description="Please enter the url where the Solr server is located"
                />
        </params>
        <languages folder="admin/language">
            <language tag="es-ES">es-ES.com_eqzonales.ini</language>
        </languages>
    </administration>
</install>
