<?xml version="1.0" encoding="UTF-8"?>
<metafile version="1.5" client="administrator">
    <name>Spanish (Español Internacional Formal)</name>
    <version>1.5.10</version>
    <creationDate>15 mar 2009</creationDate>
    <author>TodosJuntos.org</author>
    <authorEmail>traduccion@todosjuntos.org</authorEmail>
    <authorUrl>www.todosjuntos.org</authorUrl>
    <copyright>(C) 2005 - 2009 TodosJuntos.org. All rights reserved - Todos los derechos reservados</copyright>
    <license>http://www.gnu.org/licenses/gpl-2.0.html GNU/GPL</license>
    <description>Archivos de idioma español para Joomla! 1.5.10 - Spanish language files for Joomla! 1.5.10 Admin</description>
    <metadata>
    	<name>Spanish(Español Internacional Formal)</name>
    	<tag>es-ES</tag>
    	<rtl>0</rtl>
    	<locale>es_ES.UTF-8, spa_ES.UTF-8, es_ES, spanish.UTF-8, spanish, </locale>
   		<winCodePage>iso-8859-1</winCodePage>
    	<backwardLang>spanish</backwardLang>
    </metadata>
    <params />
</metafile>
