<?xml version="1.0" encoding="utf-8" ?>
<install version="1.5" client="administrator" type="language" method="upgrade">
    <name>Spanish (Español Internacional Formal)</name>
    <tag>es-ES</tag>
    <version>1.5.10</version>
    <creationDate>15 mar 2009</creationDate>
    <author>TodosJuntos.org</author>
    <authoremail>traduccion@todosjuntos.org</authoremail>
    <authorurl>www.todosjuntos.org</authorurl>
    <copyright>(C) 2005 - 2009 TodosJuntos.org. All rights reserved - Todos los derechos reservados</copyright>
    <license>http://www.gnu.org/licenses/gpl-2.0.html GNU/GPL</license>
    <description>Archivos de idioma español para Joomla! 1.5.10 - Spanish language files for Joomla! 1.5.10 Admin</description>
    <files>
		<filename>es-ES.com_admin.ini</filename>
		<filename>es-ES.com_banners.ini</filename>
		<filename>es-ES.com_banners.menu.ini</filename>
		<filename>es-ES.com_cache.ini</filename>
		<filename>es-ES.com_categories.ini</filename>
		<filename>es-ES.com_checkin.ini</filename>
		<filename>es-ES.com_config.ini</filename>
		<filename>es-ES.com_contact.ini</filename>
		<filename>es-ES.com_contact.menu.ini</filename>
		<filename>es-ES.com_content.ini</filename>
		<filename>es-ES.com_cpanel.ini</filename>
		<filename>es-ES.com_frontpage.ini</filename>
		<filename>es-ES.com_installer.ini</filename>
		<filename>es-ES.com_languages.ini</filename>
		<filename>es-ES.com_login.ini</filename>
		<filename>es-ES.com_massmail.ini</filename>
		<filename>es-ES.com_media.ini</filename>
		<filename>es-ES.com_menus.ini</filename>
		<filename>es-ES.com_menus.menu.ini</filename>
		<filename>es-ES.com_messages.ini</filename>
		<filename>es-ES.com_modules.ini</filename>
		<filename>es-ES.com_newsfeeds.ini</filename>
		<filename>es-ES.com_newsfeeds.menu.ini</filename>
		<filename>es-ES.com_plugins.ini</filename>
		<filename>es-ES.com_poll.ini</filename>
		<filename>es-ES.com_poll.menu.ini</filename>
		<filename>es-ES.com_search.ini</filename>
		<filename>es-ES.com_search.menu.ini</filename>
		<filename>es-ES.com_sections.ini</filename>
		<filename>es-ES.com_templates.ini</filename>
		<filename>es-ES.com_trash.ini</filename>
		<filename>es-ES.com_user.ini</filename>
		<filename>es-ES.com_users.ini</filename>
		<filename>es-ES.com_weblinks.ini</filename>
		<filename>es-ES.com_weblinks.menu.ini</filename>
		<filename>es-ES.com_wrapper.ini</filename>
		<filename>es-ES.ini</filename>
		<filename>es-ES.mod_components.ini</filename>
		<filename>es-ES.mod_custom.ini</filename>
		<filename>es-ES.mod_feed.ini</filename>
		<filename>es-ES.mod_footer.ini</filename>
		<filename>es-ES.mod_latest.ini</filename>
		<filename>es-ES.mod_logged.ini</filename>
		<filename>es-ES.mod_login.ini</filename>
		<filename>es-ES.mod_menu.ini</filename>
		<filename>es-ES.mod_online.ini</filename>
		<filename>es-ES.mod_popular.ini</filename>
		<filename>es-ES.mod_quickicon.ini</filename>
		<filename>es-ES.mod_stats.ini</filename>
		<filename>es-ES.mod_status.ini</filename>
		<filename>es-ES.mod_submenu.ini</filename>
		<filename>es-ES.mod_title.ini</filename>
		<filename>es-ES.mod_toolbar.ini</filename>
		<filename>es-ES.mod_unread.ini</filename>
		<filename>es-ES.plg_authentication_example.ini</filename>
		<filename>es-ES.plg_authentication_gmail.ini</filename>
		<filename>es-ES.plg_authentication_joomla.ini</filename>
		<filename>es-ES.plg_authentication_ldap.ini</filename>
		<filename>es-ES.plg_authentication_openid.ini</filename>
		<filename>es-ES.plg_content_code.ini</filename>
		<filename>es-ES.plg_content_emailcloak.ini</filename>
		<filename>es-ES.plg_content_geshi.ini</filename>
		<filename>es-ES.plg_content_image.ini</filename>
		<filename>es-ES.plg_content_loadmodule.ini</filename>
		<filename>es-ES.plg_content_pagebreak.ini</filename>
		<filename>es-ES.plg_content_pagenavigation.ini</filename>
		<filename>es-ES.plg_content_vote.ini</filename>
		<filename>es-ES.plg_editors-xtd_image.ini</filename>
		<filename>es-ES.plg_editors-xtd_pagebreak.ini</filename>
		<filename>es-ES.plg_editors-xtd_readmore.ini</filename>
		<filename>es-ES.plg_editors_none.ini</filename>
		<filename>es-ES.plg_editors_tinymce.ini</filename>
		<filename>es-ES.plg_editors_xstandard.ini</filename>
		<filename>es-ES.plg_search_categories.ini</filename>
		<filename>es-ES.plg_search_contacts.ini</filename>
		<filename>es-ES.plg_search_content.ini</filename>
		<filename>es-ES.plg_search_newsfeeds.ini</filename>
		<filename>es-ES.plg_search_sections.ini</filename>
		<filename>es-ES.plg_search_weblinks.ini</filename>
		<filename>es-ES.plg_system_backlink.ini</filename>
		<filename>es-ES.plg_system_cache.ini</filename>
		<filename>es-ES.plg_system_debug.ini</filename>
		<filename>es-ES.plg_system_legacy.ini</filename>
		<filename>es-ES.plg_system_sef.ini</filename>
		<filename>es-ES.plg_user_joomla.ini</filename>
		<filename>es-ES.plg_xmlrpc_blogger.ini</filename>
		<filename>es-ES.plg_xmlrpc_joomla.ini</filename>
		<filename>es-ES.tpl_beez.ini</filename>
		<filename>es-ES.tpl_ja_purity.ini</filename>
		<filename>es-ES.tpl_khepri.ini</filename>
		<filename>es-ES.tpl_rhuk_milkyway.ini</filename>
		<filename file="meta">es-ES.xml</filename>
	</files>
	<params />
</install>
