<?xml version="1.0" encoding="utf-8"?>
<install version="1.5.2" type="plugin" group="content" method="upgrade">
    <name>Content - Denunciar</name>
    <author>Mediabit</author>
    <creationDate>May 2010</creationDate>
    <copyright>Copyright (C) 2010 Mediabit. All rights reserved.</copyright>
    <license>Free</license>
    <authorEmail>jpflorentin@mediabit.com.ar</authorEmail>
    <authorUrl>http://www.mediabit.com.ar</authorUrl>
    <version>1</version>
    <description>Denunciar Articulos.</description>
    <params addPath="/plugins/content/parameterTypes">
        <param name="denunciardisplay" type="list" label="Show like" default="onBeforeDisplayContent" description="Select where to show like link and thumb">
            <option value="onBeforeDisplayContent">Before Display Content</option>
            <option value="onAfterDisplayContent">After Display Content</option>
        </param>


        <param name="textsize" type="text" size="3" default="12" label="Font Size In Pixels" description="Like Font Size In Pixels" />

        <param name="recipient" type="text" size="20" label="PLG_DENUNCIAR_RECIPIENT" description="TIP_PLG_DENUNCIAR_RECIPIENT"/>

        <param name="textfloat" type="list" label="Like Alignment" default="none" description="Float like thumb and text left, right or none">
            <option value="none">None</option>
            <option value="left">Left</option>
            <option value="right">Right</option>
        </param>

        <param name="textclear" type="list" label="Like Text Clear" default="none" description="Clear items on sides of Like">
            <option value="none">None</option>
            <option value="left">Left</option>
            <option value="right">Right</option>
            <option value="both">Both</option>
        </param>

        <param name="linkcolor" type="list" label="Like link color" default="blue" description="Select color of Like link">
            <option value="white">White</option>
            <option value="silver">Silver</option>
            <option value="gray">gray</option>
            <option value="black">Black</option>
            <option value="maroon">Maroon</option>
            <option value="red">Red</option>
            <option value="orange">Orange</option>
            <option value="yellow">Yellow</option>
            <option value="olive">Olive</option>
            <option value="green">Green</option>
            <option value="blue">Blue</option>
            <option value="teal">Teal</option>
            <option value="lime">Lime</option>
            <option value="aqua">Aqua</option>
            <option value="navy">Navy</option>
            <option value="purple">Purple</option>
            <option value="fuchsia">Fuchsia</option>
        </param>

        <param name="textcolor" type="list" label="Standard text color" default="blue" description="Select color of Like text">
            <option value="white">White</option>
            <option value="silver">Silver</option>
            <option value="gray">gray</option>
            <option value="black">Black</option>
            <option value="maroon">Maroon</option>
            <option value="red">Red</option>
            <option value="orange">Orange</option>
            <option value="yellow">Yellow</option>
            <option value="olive">Olive</option>
            <option value="green">Green</option>
            <option value="blue">Blue</option>
            <option value="teal">Teal</option>
            <option value="lime">Lime</option>
            <option value="aqua">Aqua</option>
            <option value="navy">Navy</option>
            <option value="purple">Purple</option>
            <option value="fuchsia">Fuchsia</option>
        </param>

        <param name="showfrontpage" type="list" label="Show front page items" default="yes" description="Select wether to show front page items">
            <option value="yes">Yes</option>
            <option value="no">No</option>
        </param>
        <param name="notice_tags" type="multilist" label="PLG_DENUNCIAR_NOTICE_TAGS" query="SELECT * FROM jos_custom_properties_values WHERE field_id IN (SELECT id FROM jos_custom_properties_fields WHERE name = 'root_noticias')" key_field="id" value_field="label" multiple="true" size="5" description="TIP_PLG_DENUNCIAR_NOTICE_TAGS" />
    </params>

    <files>
        <filename plugin="denunciar">denunciar.php</filename>
        <filename>notlike/notlike.png</filename>
        <filename>parameterTypes/multilist.php</filename>
    </files>
</install>
