<?xml version="1.0" encoding="utf-8"?>
<install version="1.5" type="plugin" group="search">
	<name>Search - Zonales Solr Content Search</name>
	<author>Mediabit</author>
	<creationDate>Julio 2009</creationDate>
	<copyright>Copyright (C) 2009 Mediabit. All rights reserved.</copyright>
	<license>http://www.gnu.org/licenses/gpl-2.0.html GNU/GPL</license>
	<authorEmail>admin@mediabit.com.ar</authorEmail>
	<authorUrl>www.mediabit.com.ar</authorUrl>
	<version>0.1</version>
	<description>ALLOWS SEARCHING OF ALL ARTICLES</description>
	<files>
		<filename plugin="solrsearch">solrsearch.php</filename>
                <!-- <filename>requerimiento.xml</filename> -->
	</files>
	<languages folder="language">
	    <language tag="es-ES">es-ES.plg_search_solrsearch.ini</language>
	</languages>
	<params>
		<param name="search_limit" type="text" size="5" default="50" label="Search Limit" description="Number of Search items to return"/>
		<param name="@spacer" type="spacer" default="" label="" description="" />
		<!--
                <param name="search_content" type="radio" default="1" label="Content Items" description="Search Content Items?">
			<option value="0">No</option>
			<option value="1">Yes</option>
		</param>
		<param name="search_uncategorised" type="radio" default="0" label="Uncategorised Content" description="Search Uncategorised Content?">
			<option value="0">No</option>
			<option value="1">Yes</option>
		</param>
		<param name="search_archived" type="radio" default="0" label="Archived Content" description="Search Archived Content?">
			<option value="0">No</option>
			<option value="1">Yes</option>
		</param>
                -->
	</params>
</install>