<?xml version="1.0" encoding="utf-8"?>
<component option="com_banners">
	<name>Joomla Banners</name>
	<author>Azamat Tokhtaev</author>
	<version>1.0</version>
	<email>krik123@bk.ru</email>
	<site>http://www.joomlaequipment.com</site>
	<license>Freeware</license>
	<copyright>JoomSuite</copyright>
	<description>This XML Document is made to manage permissions for Banners</description>
	<group name="Editing Banners">
		<variable task="add">Add a banner</variable>
		<variable task="edit">Edit a banner</variable>
		<variable task="publish">Publish banner(s)</variable>
		<variable task="unpublish">Unpublish banner(s)</variable>
		<variable task="remove">Remove banner(s)</variable>
		<variable task="copy">Copy banner(s)</variable>
	</group>
	<group name="Manage Clients">
		<variable c="client" task="add">Add a Client</variable>
		<variable c="client" task="edit">Edit a Client</variable>
		<variable c="client" task="remove">Remove Client(s)</variable>
	</group>
</component>