<?xml version="1.0" encoding="utf-8"?>
<component option='com_categories'>
  <name>Joomla Categories</name>
  <author>Azamat Tokhtaev</author>
  <version>1.0</version>
  <email>krik123@bk.ru</email>
  <site>http://www.joomlaequipment.com</site>
  <license>Freeware</license>
  <copyright>JoomSuite</copyright>
  <description>This XML Document is made to manage permissions for Joomla Categories</description>
  <group name='Weblinks Categories Management'>
    <variable section='com_weblinks' task='add'>Add a Category</variable>
    <variable section='com_weblinks' task='remove'>Remove a Category</variable>
    <variable section='com_weblinks' task='edit'>Edit a Category</variable>
    <variable section='com_weblinks' task='publish'>Publish a Category(ies)</variable>
    <variable section='com_weblinks' task='unpublish'>Unpublish a Category(ies)</variable>
  </group>
  <group name='Contacts Categories Management'>
    <variable section='com_contact' task='add'>Add a Category</variable>
    <variable section='com_contact' task='remove'>Remove a Category</variable>
    <variable section='com_contact' task='edit'>Edit a Category</variable>
    <variable section='com_contact' task='publish'>Publish a Category(ies)</variable>
    <variable section='com_contact' task='unpublish'>Unpublish a Category(ies)</variable>
  </group>
  <group name='Banners Categories Management'>
    <variable section='com_banner' task='add'>Add a Category</variable>
    <variable section='com_banner' task='remove'>Remove a Category</variable>
    <variable section='com_banner' task='edit'>Edit a Category</variable>
    <variable section='com_banner' task='publish'>Publish a Category(ies)</variable>
    <variable section='com_banner' task='unpublish'>Unpublish a Category(ies)</variable>
  </group>
  <group name='News Feeds Categories Management'>
    <variable section='com_newsfeeds' task='add'>Add a Category</variable>
    <variable section='com_newsfeeds' task='remove'>Remove a Category</variable>
    <variable section='com_newsfeeds' task='edit'>Edit a Category</variable>
    <variable section='com_newsfeeds' task='publish'>Publish a Category(ies)</variable>
    <variable section='com_newsfeeds' task='unpublish'>Unpublish a Category(ies)</variable>
  </group>
</component>
