<?xml version="1.0" encoding="utf-8"?>
<component option="com_jcacl">
	<name>JS Permission</name>
	<author>Azamat</author>
	<version>1.0</version>
	<email>krik123@gmail.com</email>
	<site />
	<license />
	<copyright />
	<description />
	<group name="User Groups">
		<variable controller="usrgroups" task="creategroup">Add User group</variable>
	</group>
	<group name="Permissions">
		<variable controller="components" task="edit">Edit Permissions</variable>
	</group>
	<group name="Permission Files">
		<variable controller="components" task="add">Add File</variable>
		<variable controller="components" task="edit_xml">Edit file</variable>
	</group>
</component>