<?xml version="1.0" encoding="utf-8"?>
<component option="com_jcs">
	<name>JS MEmber</name>
	<author>Azamat</author>
	<version>1.0</version>
	<email>krik123@gmail.com</email>
	<site />
	<license />
	<copyright />
	<description />
	<group name="Subscribtion Plans">
		<variable controller="jcs" task="add,edit,remove">Edit</variable>
		<variable controller="jcs" task="publish,unpublish">Publish and Unpublish</variable>
	</group>
	<group name="User Subscribtions">
		<variable controller="users" task="edit,add,remove">Edit</variable>
		<variable controller="users" task="publish,unpublish">Publish and Unpublish</variable>
		<variable view="jcs" layout="form">Front End Subscribtion Form</variable>
		<variable view="jcs" task="pay" layout="form">Front-end Subscribe</variable>
	</group>
	<group name="Coupons">
		<variable controller="coupon" task="add,edit,remove">Edit</variable>
		<variable controller="coupon" task="publish,unpublish">Publish and Unpublish</variable>
	</group>
	<group name="Configurations">
		<variable controller="cnf" task="save,apply">Save</variable>
		<variable controller="cnf">Enter</variable>
	</group>
</component>