<?xml version="1.0" encoding="utf-8"?>
<component option="com_resource">
	<name>JS Content</name>
	<author>Azamat</author>
	<version>1.0</version>
	<email>krik123@gmail.com</email>
	<site />
	<license />
	<copyright />
	<description />
	<group name="Content">
		<variable controller="record" task="edit">Add</variable>
		<variable view="record" task="edit">Edit</variable>
		<variable controller="article" view="article" layout="form">Front-end edit</variable>
	</group>
	<group name="Sections and Categories">
		<variable controller="category">Enter</variable>
		<variable controller="category" task="publish">Publish</variable>
		<variable controller="category" task="unpublish">Unpublish</variable>
		<variable controller="category" task="remove">Remove</variable>
		<variable controller="category" task="edit">Edit</variable>
		<variable controller="category" task="add">Add</variable>
	</group>
	<group name="Types">
		<variable controller="type">Enter</variable>
		<variable controller="type" task="edit">Edit</variable>
		<variable controller="type" task="copytype">Copy</variable>
		<variable controller="type" task="add">Add</variable>
		<variable controller="type" task="remove">Remove</variable>
		<variable controller="type" task="publish">Publish</variable>
		<variable controller="type" task="unpublish">Unpublish</variable>
	</group>
	<group name="Templates">
		<variable controller="subtmpls">Enter</variable>
		<variable controller="subtmpls" view="subtmpls" layout="form">Edit</variable>
	</group>
	<group name="Comments">
		<variable controller="comments">Enter</variable>
		<variable controller="comments" view="comments" layout="form">Edit</variable>
	</group>
	<group name="Rating">
		<variable controller="rating" task="remove">Enter</variable>
	</group>
	<group name="Tags">
		<variable controller="tag" task="remove">Remove</variable>
		<variable controller="tag" task="save">Save</variable>
	</group>
	<group name="Configurations">
		<variable controller="config" task="save,apply">Save</variable>
	</group>
</component>