<?xml version="1.0" encoding="utf-8"?>
<component option="com_juser">
	<name>JS User</name>
	<author>Azamat</author>
	<version>1.0</version>
	<email>krik123@gmail.com</email>
	<site>joomsuite.com</site>
	<license />
	<copyright />
	<description />
	<group name="Field Manager">
		<variable controller="fieldmanager" task="edit,add,remove">Edit</variable>
		<variable controller="fieldmanager" task="publish,unpublish">Publish and Unpublish</variable>
	</group>
	<group name="Configurations">
		<variable controller="config" task="apply,save">Edit</variable>
		<variable controller="config">Enter</variable>
	</group>
	<group name="Front-end">
		<variable view="user" layout="mydetails">View My Details</variable>
		<variable task="user_update">User Update</variable>
	</group>
</component>