<?xml version="1.0" encoding="utf-8"?>
<component option='com_contact'>
  <name>Joomla Contacts</name>
  <author>Azamat Tokhtaev</author>
  <version>1.0</version>
  <email>krik123@bk.ru</email>
  <site>http://www.joomlaequipment.com</site>
  <license>Freeware</license>
  <copyright>JoomSuite</copyright>
  <description>This XML Document is made to manage permissions for Contacts</description>
  <group name='Editing Contacts'>
    <variable task='add'>Add a Contact</variable>
    <variable task='edit'>Edit a Contact</variable>
    <variable task='publish'>Publish Contact(s)</variable>
    <variable task='unpublish'>Unpublish Contact(s)</variable>
    <variable task='remove'>Remove contact(s)</variable>
  </group>
</component>