<?xml version="1.0" encoding="utf-8"?>
<component option='com_newsfeeds'>
  <name>Joomla News Feeds</name>
  <author>Azamat Tokhtaev</author>
  <version>1.0</version>
  <email>krik123@bk.ru</email>
  <site>http://www.joomlaequipment.com</site>
  <license>Freeware</license>
  <copyright>JoomSuite</copyright>
  <description>This XML Document is made to manage permissions for News Feeds</description>
  <group name='Editing News Feeds'>
    <variable task='add'>Add a News Feed</variable>
    <variable task='edit'>Edit a News Feed</variable>
    <variable task='publish'>Publish News Feed(s)</variable>
    <variable task='unpublish'>Unpublish News Feed(s)</variable>
    <variable task='remove'>Remove News Feed(s)</variable>
  </group>
</component>