<?xml version="1.0" encoding="utf-8"?>
<component option="com_weblinks">
	<name>Joomla Weblinks</name>
	<author>Azamat Tokhtaev</author>
	<version>1.0</version>
	<email>krik123@bk.ru</email>
	<site>http://www.joomlaequipment.com</site>
	<license>Freeware</license>
	<copyright>JoomSuite</copyright>
	<description>This XML Document is made to manage permissions for Weblinks</description>
	<group name="Edit">
		<variable task="add">Add Weblink</variable>
		<variable task="edit" view="weblink">See the edit form of the Weblink</variable>
		<variable task="publish">Publish Weblink</variable>
		<variable task="unpublish">Unpublish Weblink</variable>
		<variable task="remove">Remove Weblink</variable>
	</group>
</component>