<?xml version="1.0" encoding="UTF-8"?>
<install type="component" version="1.5.0">
	<name>easysql</name>
	<creationDate>30/11/2006</creationDate>
	<author>Serebro</author>
	<copyright></copyright>
	<authorEmail>silverstone@inbox.ru</authorEmail>
	<authorUrl>www.lurm.net</authorUrl>
	<version>1.27</version>
	<description></description>
	<administration>
		<menu link="option=com_easysql">Easy SQL</menu>
		<files>
			<filename>admin.easysql.php</filename>
			<filename>admin.easysql.html.php</filename>
			<filename>toolbar.easysql.php</filename>
			<filename>lang/russian.php</filename>
			<filename>lang/ru-ru.php</filename>
			<filename>lang/english.php</filename>
			<filename>lang/en-gb.php</filename>
			<filename>lang/es-es.php</filename>
			<filename>lang/spanish.php</filename>
		</files>
	</administration>	
</install>
	
	
	
