<?xml version="1.0" encoding="UTF-8" ?>
<!--
/**
 * @version	$Id$
 * @package	Zonales
 * @copyright	Copyright (C) 2009 Mediabit. All rights reserved.
 * @license	GNU/GPL, see LICENSE.php
 *
 * Zonales is free software. This version may have been modified pursuant
 * to the GNU General Public License, and as distributed it includes or
 * is derivative of works licensed under the GNU General Public License or
 * other free or open source software licenses.
 * See COPYRIGHT.php for copyright notices and details.
 */
-->
<schema name="zonales" version="1.1">

    <!-- field type definitions, the name is just a label, the behavior of the fieldType
                is determined by the "class" definition and other attributes. -->
    <types>
        <!-- The StrField type is not analyzed, but indexed/stored verbatim. -->
        <fieldType name="string" class="solr.StrField" sortMissingLast="false" omitNorms="true" />
        <!-- boolean type: "true" or "false" -->
        <fieldtype name="boolean" class="solr.BoolField" sortMissingLast="true" omitNorms="true"/>

        <!-- numeric field types that store and index the text value verbatim (and hence don't support
                range queries, since the lexicographic ordering isn't equal to the numeric ordering) -->
        <fieldtype name="integer" class="solr.IntField" omitNorms="true"/>
        <fieldtype name="long" class="solr.LongField" omitNorms="true"/>
        <fieldtype name="float" class="solr.FloatField" omitNorms="true"/>
        <fieldtype name="double" class="solr.DoubleField" omitNorms="true"/>


        <!-- Numeric field types that manipulate the value into a string value that isn't human-readable
                in its internal form, but with a lexicographic ordering the same as the numeric ordering,
                so that range queries work correctly. -->
        <fieldtype name="sint" class="solr.SortableIntField" sortMissingLast="true" omitNorms="true"/>
        <fieldtype name="slong" class="solr.SortableLongField" sortMissingLast="true" omitNorms="true"/>
        <fieldtype name="sfloat" class="solr.SortableFloatField" sortMissingLast="true" omitNorms="true"/>
        <fieldtype name="sdouble" class="solr.SortableDoubleField" sortMissingLast="true" omitNorms="true"/>

        <!-- The format for this date field is of the form 1995-12-31T23:59:59Z, and
                is a more restricted form of the canonical representation of dateTime http://www.w3.org/TR/xmlschema-2/#dateTime
                The trailing "Z" designates UTC time and is mandatory. Optional fractional seconds are allowed: 1995-12-31T23:59:59.999Z
                All other components are mandatory. -->
        <fieldtype name="date" class="solr.DateField" sortMissingLast="true" omitNorms="true"/>

        <!-- A text field that only splits on whitespace for exact matching of words -->
        <fieldtype name="text_ws" class="solr.TextField" positionIncrementGap="100">
            <analyzer type="index">
                <tokenizer class="solr.PatternTokenizerFactory" pattern=", *" />
                <filter class="solr.RemoveDuplicatesTokenFilterFactory"/>
            </analyzer>
            <analyzer type="query">
                <tokenizer class="solr.WhitespaceTokenizerFactory"/>
            </analyzer>
        </fieldtype>

        <!-- for phonetic (sound-like) indexing -->
        <fieldtype name="phonetic" class="solr.TextField" positionIncrementGap="100" stored="false" multiValued="true">
            <analyzer>
                <tokenizer class="solr.HTMLStripStandardTokenizerFactory"/>
                <filter class="solr.StandardFilterFactory"/>
                <filter class="solr.WordDelimiterFilterFactory" generateWordParts="1" generateNumberParts="0" catenateWords="0" catenateNumbers="0" catenateAll="0"/>
                <filter class="solr.PhoneticFilterFactory" encoder="DoubleMetaphone" inject="false" maxCodeLen="8"/>
            </analyzer>
        </fieldtype>

        <!-- A text field that uses WordDelimiterFilter to enable splitting and matching of
                        words on case-change, alpha numeric boundaries, and non-alphanumeric chars,
                        so that a query of "wifi" or "wi fi" could match a document containing "Wi-Fi".
                        Synonyms and stopwords are customized by external files, and stemming is enabled.
                        Duplicate tokens at the same position (which may result from Stemmed Synonyms or
                        WordDelim parts) are removed. -->
        <fieldType name="text" class="solr.TextField" positionIncrementGap="100">
            <analyzer type="index">
                <!-- removes HTML code and pass result to a WhitespaceTokenizer -->
                <tokenizer class="solr.HTMLStripStandardTokenizerFactory"/>
                <filter class="solr.TrimFilterFactory" />
                <filter class="solr.SynonymFilterFactory" synonyms="synonyms.txt" ignoreCase="true" expand="true"/>
                <!-- Case insensitive stop word removal.
                                     enablePositionIncrements=true ensures that a 'gap' is left to
                                     allow for accurate phrase queries. -->
                <filter class="solr.StopFilterFactory" ignoreCase="true" words="stopwords.txt" enablePositionIncrements="true"/>
                <filter class="solr.StandardFilterFactory" />
                <filter class="solr.WordDelimiterFilterFactory"
                    generateWordParts="1" generateNumberParts="1"
                    catenateWords="1" catenateNumbers="1" catenateAll="0" splitOnCaseChange="1"
                />
                <filter class="solr.LowerCaseFilterFactory" />
                <filter class="solr.ISOLatin1AccentFilterFactory" />
                <filter class="solr.SnowballPorterFilterFactory" language="Spanish"/>
                <filter class="solr.RemoveDuplicatesTokenFilterFactory"/>
            </analyzer>

            <analyzer type="query">
                <tokenizer class="solr.StandardTokenizerFactory"/>
                <filter class="solr.TrimFilterFactory" />
                <filter class="solr.StopFilterFactory" ignoreCase="true" words="stopwords.txt" enablePositionIncrements="true"/>
                <filter class="solr.StandardFilterFactory" />
                <filter class="solr.WordDelimiterFilterFactory"
                    generateWordParts="1" generateNumberParts="1"
                    catenateWords="0" catenateNumbers="0" catenateAll="0" splitOnCaseChange="1"
                />
                <filter class="solr.LowerCaseFilterFactory"/>
                <filter class="solr.ISOLatin1AccentFilterFactory" />
                <filter class="solr.SnowballPorterFilterFactory" language="Spanish"/>
                <filter class="solr.RemoveDuplicatesTokenFilterFactory"/>
            </analyzer>
        </fieldType>
    </types>

    <fields>

        <field name="id" type="integer" indexed="true" stored="true" />
        <field name="title" type="text" indexed="true" stored="true" termVectors="true" />
        <field name="alias" type="string" indexed="true" stored="true" />
        <field name="title_alias" type="string" indexed="true" stored="true" />
        <field name="introtext" type="text" indexed="true" stored="true" termVectors="true" />
        <field name="fulltext" type="text" indexed="true" stored="true" termVectors="true" />
        <field name="sectionid" type="integer" indexed="true" stored="true" />
        <field name="state" type="integer" indexed="true" stored="true" />
        <field name="catid" type="integer" indexed="true" stored="true" />
        <field name="catalias" type="text" indexed="false" stored="true" />
        <field name="created" type="date" indexed="true" stored="true" />
        <field name="created_by" type="integer" indexed="true" stored="true" />
        <field name="created_by_alias" type="string" indexed="true" stored="true" />
        <field name="modified" type="date" indexed="true" stored="true" />
        <field name="modified_by" type="integer" indexed="true" stored="true" />
        <field name="checked_out" type="integer" indexed="true" stored="true" />
        <field name="checked_out_time" type="date" indexed="true" stored="true" />
        <field name="publish_up" type="date" indexed="true" stored="true" />
        <field name="publish_down" type="date" indexed="true" stored="true" />
        <field name="attribs" type="string" indexed="true" stored="true" />
        <field name="hits" type="integer" indexed="true" stored="true" />
        <field name="images" type="string" indexed="true" stored="true" />
        <field name="urls" type="string" indexed="true" stored="true" />
        <field name="ordering" type="integer" indexed="true" stored="true" />
        <field name="metakey" type="text" indexed="true" stored="true" />
        <field name="metadesc" type="text" indexed="true" stored="true" />
        <field name="access" type="integer" indexed="true" stored="true" />

        <field name="slug" type="string" indexed="false" stored="true" />
        <field name="catslug" type="string" indexed="false" stored="true" />
        <field name="readmore" type="integer" indexed="true" stored="true" />

        <field name="author" type="string" indexed="true" stored="true" />
        <field name="usertype" type="string" indexed="true" stored="true" />
        <field name="author_email" type="string" indexed="true" stored="true" />

        <field name="groups" type="string" indexed="true" stored="true" />

        <field name="category" type="string" indexed="true" stored="true" />
        <field name="section" type="string" indexed="true" stored="true" />
        <field name="category_published" type="boolean" indexed="true" stored="true" />
        <field name="section_published" type="boolean" indexed="true" stored="true" />

        <field name="section_access" type="integer" indexed="true" stored="true"/>
        <field name="category_access" type="integer" indexed="true" stored="true"/>

        <!-- True si el documento contiene una fecha de publicación o baja, respectivamente -->
        <field name="hasPublishUpDate" type="boolean" indexed="true" stored="true"/>
        <field name="hasPublishDownDate" type="boolean" indexed="true" stored="true"/>

        <field name="tags_names" type="text_ws" indexed="true" stored="true" multiValued="true"/>
        <field name="tags_values" type="text_ws" indexed="true" stored="true" multiValued="true"/>

        <field name="category_s" type="string" indexed="true" stored="false"/>
        <field name="metakey_ws" type="text" indexed="true" stored="false"/>

        <field name="title_f" type="text" indexed="true" stored="false"/>
        <field name="introtext_f" type="text" indexed="true" stored="false"/>
        <field name="fulltext_f" type="text" indexed="true" stored="false"/>

        <!-- Facilita el chequeo de si un contenido esta publicado o no (ver CopyField) -->
        <field name="published" type="boolean" indexed="true" stored="true"/>

        <!--<field name="title_s" type="string" indexed="true" stored="false" />
                <field name="category_s" type="string" indexed="true" stored="false"/>
                <field name="metakey_ws" type="text" indexed="true" stored="false"/>

                <field name="tags_names" type="text_ws" indexed="true" stored="true" multiValued="true"/>
                <field name="tags_values" type="text_ws" indexed="true" stored="true" multiValued="true"/>

                <field name="id" type="integer" indexed="true" stored="true"/>
                <field name="title" type="text" indexed="true" stored="true" termVectors="true"/>
                <field name="intro_content" type="text" indexed="true" stored="true" termVectors="true"/>
                <field name="full_content" type="text" indexed="true" stored="true" termVectors="true"/>
                <field name="metakey" type="text" indexed="true" stored="true"/>
                <field name="metadesc" type="text" indexed="true" stored="true"/>

                <field name="title_f" type="text" indexed="true" stored="false"/>
                <field name="intro_content_f" type="text" indexed="true" stored="false"/>
                <field name="full_content_f" type="text" indexed="true" stored="false"/>

                <field name="section" type="text" indexed="true" stored="true"/>
                <field name="category" type="text" indexed="true" stored="true"/>
                <field name="section_id" type="integer" indexed="true" stored="true"/>
                <field name="category_id" type="integer" indexed="true" stored="true"/>
                <field name="section_published" type="boolean" indexed="true" stored="true"/>
                <field name="category_published" type="boolean" indexed="true" stored="true"/>

                <field name="a_access" type="integer" indexed="true" stored="false"/>
                <field name="section_access" type="integer" indexed="true" stored="false"/>
                <field name="category_access" type="integer" indexed="true" stored="false"/>

                <field name="creationDate" type="date" indexed="true" stored="true"/>
                <field name="modifiedDate" type="date" indexed="true" stored="true"/>
                <field name="publishUpDate" type="date" indexed="true" stored="true"/>
                <field name="publishDownDate" type="date" indexed="true" stored="true"/>
                <field name="published" type="boolean" indexed="true" stored="true"/>
                <field name="hasPublishUpDate" type="boolean" indexed="true" stored="true"/>
                <field name="hasPublishDownDate" type="boolean" indexed="true" stored="true"/>
                <field name="hits" type="integer" indexed="true" stored="false"/>

                <field name="state" type="integer" indexed="true" stored="true"/>-->
    </fields>

    <uniqueKey>id</uniqueKey>
    <defaultSearchField>title</defaultSearchField>
    <solrQueryParser defaultOperator="OR" />

    <copyField source="introtext" dest="introtext_f" />
    <copyField source="fulltext" dest="fulltext_f" />
    <copyField source="title" dest="title_f"/>

    <!-- <copyField source="title" dest="title_s"/> -->
    <copyField source="category" dest="category_s"/>
    <copyField source="metakey" dest="metakey_ws"/>

    <!-- El valor de state = 0 indica un contenido publicado. Se utiliza published para facilitar los querys -->
    <copyField source="state" dest="published" />
    
    <!--<copyField source="published" dest="state"/>-->
</schema>
