<?xml version="1.0" encoding="UTF-8"?>
<project-private xmlns="http://www.netbeans.org/ns/project-private/1">
    <editor-bookmarks xmlns="http://www.netbeans.org/ns/editor-bookmarks/1"/>
    <open-files xmlns="http://www.netbeans.org/ns/projectui-open-files/1">
        <file>file:/C:/Users/juanma/Documents/NetBeansProjects/ZCrawlParserServlet/src/metadata/Criterio.java</file>
        <file>file:/C:/Users/juanma/Documents/NetBeansProjects/ZCrawlParserServlet/src/parser/ZMetaDisplayer.java</file>
        <file>file:/C:/Users/juanma/Documents/NetBeansProjects/ZCrawlParserServlet/src/parser/Globals.java</file>
        <file>file:/C:/Users/juanma/Documents/NetBeansProjects/ZCrawlParserServlet/src/parser/Parser.java</file>
        <file>file:/C:/Users/juanma/Documents/NetBeansProjects/ZCrawlParserServlet/src/parser/Rule$criterios.java</file>
        <file>file:/C:/Users/juanma/Documents/NetBeansProjects/ZCrawlParserServlet/src/metadata/ZCrawling.java</file>
        <file>file:/C:/Users/juanma/Documents/NetBeansProjects/ZCrawlParserServlet/src/parser/Rule$DIGIT.java</file>
        <file>file:/C:/Users/juanma/Documents/NetBeansProjects/ZCrawlParserServlet/nbproject/project.properties</file>
    </open-files>
</project-private>
