-- phpMyAdmin SQL Dump
-- version 2.11.9.5
-- http://www.phpmyadmin.net
--
-- Servidor: 127.0.0.1:3308
-- Tiempo de generación: 27-05-2010 a las 17:36:55
-- Versión del servidor: 5.0.77
-- Versión de PHP: 5.1.6

SET SQL_MODE="NO_AUTO_VALUE_ON_ZERO";


/*!40101 SET @OLD_CHARACTER_SET_CLIENT=@@CHARACTER_SET_CLIENT */;
/*!40101 SET @OLD_CHARACTER_SET_RESULTS=@@CHARACTER_SET_RESULTS */;
/*!40101 SET @OLD_COLLATION_CONNECTION=@@COLLATION_CONNECTION */;
/*!40101 SET NAMES utf8 */;

--
-- Base de datos: `zonales_test`
--

--
-- Volcar la base de datos para la tabla `jos_categories`
--

INSERT INTO `jos_categories` (`id`, `parent_id`, `title`, `name`, `alias`, `image`, `section`, `image_position`, `description`, `published`, `checked_out`, `checked_out_time`, `editor`, `ordering`, `access`, `count`, `params`) VALUES
(1, 0, 'Actualidad', '', 'actualidad', '', '1', 'left', '', 1, 0, '0000-00-00 00:00:00', NULL, 1, 0, 0, ''),
(2, 0, 'La voz del vecino', '', 'la-voz-del-vecino', '', '1', 'left', '', 1, 0, '0000-00-00 00:00:00', NULL, 2, 0, 0, ''),
(3, 0, 'Deportes', '', 'deportes', '', '1', 'left', '', 1, 0, '0000-00-00 00:00:00', NULL, 3, 0, 0, ''),
(4, 0, 'Sociedad', '', 'sociedad', '', '1', 'left', '', 1, 0, '0000-00-00 00:00:00', NULL, 4, 0, 0, ''),
(5, 0, 'Consumo y salidas', '', 'consumo-y-salidas', '', '1', 'left', '', 1, 0, '0000-00-00 00:00:00', NULL, 5, 0, 0, ''),
(6, 0, 'Historias y personajes', '', 'historias-y-personajes', '', '1', 'left', '', 1, 0, '0000-00-00 00:00:00', NULL, 6, 0, 0, ''),
(7, 0, '250x200 (col2)', '', '250x200-col2', '', 'com_banner', 'left', '', 1, 0, '0000-00-00 00:00:00', NULL, 1, 0, 0, ''),
(8, 0, '160x200 (col3)', '', '160x200-col3', '', 'com_banner', 'left', '', 1, 0, '0000-00-00 00:00:00', NULL, 2, 0, 0, ''),
(9, 0, '468x269 (main)', '', '468x269-main', '', 'com_banner', 'left', '', 1, 0, '0000-00-00 00:00:00', NULL, 3, 0, 0, ''),
(10, 0, '783x130 (cols)', '', '783x130-cols', '', 'com_banner', 'left', '', 1, 0, '0000-00-00 00:00:00', NULL, 5, 0, 0, ''),
(11, 0, 'Topnav', '', 'topnav', '', '5', 'left', '', 1, 0, '0000-00-00 00:00:00', NULL, 1, 0, 0, ''),
(12, 0, 'Cine', '', 'cine', '', '3', 'left', '', 1, 0, '0000-00-00 00:00:00', NULL, 1, 0, 0, ''),
(13, 0, 'Teatro', '', 'teatro', '', '3', 'left', '', 1, 0, '0000-00-00 00:00:00', NULL, 2, 0, 0, ''),
(15, 0, 'default', '', 'default', '', '6', 'left', '', 1, 0, '0000-00-00 00:00:00', NULL, 1, 0, 0, ''),
(14, 0, 'Personajes', '', 'personajes', '', 'com_banner', 'left', '', 1, 0, '0000-00-00 00:00:00', NULL, 4, 0, 0, ''),
(16, 0, 'DyT Motor Eq', '', 'dyt-motor-eq', '', '7', 'left', '<p>Noticias cargadas para test del motor de ecualización.<br mce_bogus="1"></p>', 1, 0, '0000-00-00 00:00:00', NULL, 1, 0, 0, '');

--
-- Volcar la base de datos para la tabla `jos_custom_properties`
--

INSERT INTO `jos_custom_properties` (`id`, `ref_table`, `content_id`, `field_id`, `value_id`) VALUES
(1, 'content', 1, 1, 1),
(2, 'content', 1, 1, 2),
(3, 'content', 1, 1, 3),
(48, 'content', 26, 1, 2),
(5, 'content', 3, 1, 1),
(6, 'content', 3, 1, 6),
(7, 'content', 3, 1, 10),
(8, 'content', 2, 1, 10),
(9, 'content', 17, 1, 10),
(10, 'content', 17, 1, 11),
(11, 'content', 17, 1, 12),
(12, 'content', 14, 1, 1),
(13, 'content', 14, 1, 3),
(14, 'content', 14, 1, 4),
(15, 'content', 16, 9, 66),
(16, 'content', 16, 9, 67),
(17, 'content', 15, 1, 1),
(18, 'content', 15, 1, 3),
(19, 'content', 15, 9, 66),
(20, 'content', 15, 9, 67),
(21, 'content', 15, 9, 68),
(22, 'content', 15, 9, 71),
(23, 'content', 10, 9, 66),
(24, 'content', 10, 9, 67),
(25, 'content', 10, 9, 68),
(26, 'content', 10, 9, 70),
(27, 'content', 8, 1, 10),
(28, 'content', 9, 1, 6),
(29, 'content', 9, 1, 7),
(30, 'content', 9, 1, 8),
(31, 'content', 7, 9, 67),
(32, 'content', 7, 9, 70),
(33, 'content', 4, 1, 1),
(34, 'content', 5, 1, 9),
(35, 'content', 5, 1, 12),
(36, 'content', 6, 3, 23),
(37, 'content', 6, 3, 24),
(38, 'content', 6, 3, 25),
(39, 'content', 19, 3, 28),
(40, 'content', 20, 3, 23),
(41, 'content', 20, 3, 29),
(42, 'content', 21, 5, 39),
(43, 'content', 21, 5, 43),
(44, 'content', 18, 5, 41),
(45, 'content', 18, 5, 42),
(47, 'content', 26, 1, 1),
(49, 'content', 26, 1, 3),
(50, 'content', 26, 1, 4),
(51, 'content', 26, 1, 5),
(52, 'content', 26, 1, 6),
(53, 'content', 26, 1, 7),
(54, 'content', 26, 1, 8),
(55, 'content', 26, 1, 9),
(56, 'content', 26, 1, 10),
(57, 'content', 26, 1, 11),
(58, 'content', 26, 1, 12),
(247, 'content', 141, 3, 87),
(60, 'content', 27, 1, 1),
(570, 'content', 363, 1, 3),
(569, 'content', 363, 1, 2),
(568, 'content', 363, 1, 1),
(567, 'content', 362, 3, 87),
(65, 'content', 32, 1, 1),
(66, 'content', 33, 1, 1),
(67, 'content', 34, 1, 1),
(68, 'content', 35, 1, 1),
(69, 'content', 36, 1, 1),
(75, 'content', 37, 9, 66),
(74, 'content', 37, 8, 60),
(77, 'content', 38, 9, 66),
(175, 'content', 42, 9, 73),
(79, 'content', 43, 3, 23),
(80, 'content', 44, 1, 2),
(81, 'content', 45, 3, 23),
(82, 'content', 46, 8, 60),
(83, 'content', 46, 8, 61),
(84, 'content', 46, 8, 62),
(85, 'content', 46, 8, 63),
(86, 'content', 46, 8, 64),
(87, 'content', 46, 8, 65),
(88, 'content', 47, 10, 74),
(89, 'content', 48, 4, 30),
(90, 'content', 49, 3, 23),
(91, 'content', 50, 8, 62),
(92, 'content', 51, 9, 68),
(93, 'content', 52, 8, 62),
(94, 'content', 53, 7, 51),
(95, 'content', 54, 8, 64),
(97, 'content', 55, 6, 44),
(98, 'content', 56, 5, 42),
(99, 'content', 57, 6, 44),
(100, 'content', 58, 1, 2),
(101, 'content', 59, 5, 39),
(102, 'content', 60, 1, 1),
(103, 'content', 61, 6, 47),
(104, 'content', 62, 10, 74),
(105, 'content', 62, 15, 80),
(106, 'content', 63, 7, 51),
(107, 'content', 64, 10, 74),
(108, 'content', 66, 5, 39),
(110, 'content', 65, 1, 11),
(132, 'content', 67, 4, 30),
(113, 'content', 68, 9, 67),
(114, 'content', 39, 9, 66),
(115, 'content', 40, 9, 66),
(116, 'content', 69, 1, 1),
(117, 'content', 70, 9, 68),
(118, 'content', 71, 9, 66),
(119, 'content', 72, 8, 60),
(120, 'content', 74, 7, 51),
(121, 'content', 75, 6, 45),
(122, 'content', 76, 3, 23),
(123, 'content', 77, 8, 62),
(124, 'content', 78, 10, 74),
(125, 'content', 73, 10, 74),
(126, 'content', 79, 4, 30),
(134, 'content', 82, 6, 45),
(129, 'content', 80, 6, 44),
(130, 'content', 81, 5, 39),
(135, 'content', 84, 8, 63),
(136, 'content', 83, 9, 67),
(137, 'content', 85, 1, 3),
(138, 'content', 86, 5, 39),
(214, 'content', 87, 3, 23),
(142, 'content', 88, 10, 76),
(141, 'content', 88, 10, 74),
(143, 'content', 88, 10, 78),
(144, 'content', 88, 10, 79),
(145, 'content', 90, 8, 60),
(146, 'content', 91, 8, 60),
(566, 'content', 362, 3, 29),
(148, 'content', 89, 7, 51),
(149, 'content', 93, 5, 39),
(151, 'content', 94, 7, 51),
(152, 'content', 94, 15, 82),
(153, 'content', 95, 3, 29),
(154, 'content', 96, 8, 60),
(155, 'content', 96, 8, 61),
(156, 'content', 97, 8, 60),
(157, 'content', 97, 8, 61),
(158, 'content', 97, 8, 62),
(159, 'content', 97, 8, 63),
(160, 'content', 97, 8, 64),
(161, 'content', 97, 8, 65),
(162, 'content', 98, 1, 1),
(163, 'content', 99, 1, 1),
(164, 'content', 99, 1, 2),
(165, 'content', 99, 1, 3),
(166, 'content', 99, 1, 4),
(167, 'content', 99, 1, 5),
(168, 'content', 99, 1, 6),
(169, 'content', 99, 1, 7),
(170, 'content', 99, 1, 8),
(171, 'content', 99, 1, 9),
(172, 'content', 99, 1, 10),
(173, 'content', 99, 1, 11),
(174, 'content', 99, 1, 12),
(176, 'content', 100, 1, 1),
(177, 'content', 101, 1, 1),
(178, 'content', 101, 1, 2),
(179, 'content', 101, 1, 3),
(180, 'content', 101, 1, 4),
(181, 'content', 102, 9, 66),
(182, 'content', 103, 3, 23),
(183, 'content', 104, 8, 60),
(184, 'content', 105, 8, 60),
(185, 'content', 105, 8, 63),
(186, 'content', 106, 10, 74),
(187, 'content', 107, 5, 39),
(188, 'content', 108, 6, 44),
(189, 'content', 109, 7, 51),
(190, 'content', 110, 4, 30),
(191, 'content', 111, 10, 74),
(192, 'content', 112, 4, 33),
(193, 'content', 113, 3, 29),
(194, 'content', 114, 9, 66),
(195, 'content', 115, 10, 74),
(196, 'content', 116, 8, 60),
(197, 'content', 116, 8, 61),
(198, 'content', 117, 4, 30),
(199, 'content', 118, 10, 74),
(200, 'content', 119, 3, 23),
(201, 'content', 119, 3, 24),
(202, 'content', 119, 3, 25),
(203, 'content', 119, 3, 26),
(204, 'content', 119, 3, 27),
(205, 'content', 119, 3, 28),
(206, 'content', 119, 3, 29),
(207, 'content', 120, 6, 45),
(208, 'content', 121, 3, 23),
(209, 'content', 122, 4, 30),
(210, 'content', 123, 4, 33),
(211, 'content', 124, 6, 44),
(212, 'content', 125, 1, 6),
(213, 'content', 126, 7, 51),
(215, 'content', 127, 7, 51),
(216, 'content', 127, 7, 52),
(217, 'content', 128, 7, 51),
(218, 'content', 129, 8, 60),
(219, 'content', 130, 1, 1),
(220, 'content', 131, 5, 39),
(221, 'content', 131, 5, 40),
(222, 'content', 131, 5, 41),
(223, 'content', 131, 5, 42),
(224, 'content', 131, 5, 43),
(228, 'content', 132, 1, 1),
(229, 'content', 132, 1, 2),
(231, 'content', 132, 1, 11),
(230, 'content', 132, 1, 5),
(232, 'content', 133, 4, 37),
(233, 'content', 134, 3, 23),
(234, 'content', 134, 3, 24),
(235, 'content', 134, 3, 25),
(236, 'content', 134, 3, 26),
(237, 'content', 134, 3, 27),
(238, 'content', 134, 3, 28),
(239, 'content', 134, 3, 29),
(571, 'content', 363, 1, 4),
(249, 'content', 136, 3, 87),
(248, 'content', 137, 3, 87),
(551, 'content', 361, 1, 1),
(245, 'content', 139, 3, 23),
(246, 'content', 140, 8, 62),
(574, 'content', 363, 1, 7),
(573, 'content', 363, 1, 6),
(572, 'content', 363, 1, 5),
(562, 'content', 362, 3, 25),
(563, 'content', 362, 3, 26),
(564, 'content', 362, 3, 27),
(561, 'content', 362, 3, 24),
(560, 'content', 362, 3, 23),
(260, 'content', 153, 3, 23),
(261, 'content', 154, 9, 66),
(262, 'content', 154, 9, 67),
(263, 'content', 154, 9, 69),
(264, 'content', 155, 10, 74),
(265, 'content', 156, 8, 60),
(266, 'content', 157, 9, 66),
(267, 'content', 158, 9, 66),
(268, 'content', 159, 10, 74),
(269, 'content', 160, 9, 68),
(565, 'content', 362, 3, 28),
(271, 'content', 163, 8, 62),
(272, 'content', 164, 8, 63),
(273, 'content', 166, 7, 51),
(274, 'content', 167, 1, 1),
(275, 'content', 168, 6, 44),
(276, 'content', 169, 9, 66),
(277, 'content', 170, 1, 2),
(278, 'content', 171, 10, 74),
(279, 'content', 172, 9, 67),
(280, 'content', 173, 10, 74),
(281, 'content', 174, 7, 51),
(282, 'content', 175, 3, 87),
(283, 'content', 176, 8, 61),
(284, 'content', 177, 7, 51),
(285, 'content', 178, 5, 43),
(286, 'content', 179, 3, 87),
(287, 'content', 180, 3, 23),
(288, 'content', 180, 3, 24),
(289, 'content', 180, 3, 25),
(290, 'content', 180, 3, 26),
(291, 'content', 180, 3, 27),
(292, 'content', 180, 3, 28),
(293, 'content', 180, 3, 87),
(294, 'content', 181, 3, 27),
(295, 'content', 181, 3, 28),
(296, 'content', 182, 10, 76),
(297, 'content', 183, 10, 74),
(298, 'content', 184, 6, 44),
(299, 'content', 185, 8, 62),
(300, 'content', 186, 8, 61),
(303, 'content', 187, 7, 51),
(304, 'content', 187, 7, 56),
(305, 'content', 187, 7, 57),
(306, 'content', 188, 7, 51),
(307, 'content', 188, 7, 52),
(308, 'content', 188, 7, 53),
(309, 'content', 188, 7, 54),
(310, 'content', 188, 7, 55),
(311, 'content', 189, 6, 44),
(312, 'content', 190, 3, 87),
(313, 'content', 192, 3, 26),
(314, 'content', 193, 9, 68),
(315, 'content', 194, 6, 47),
(316, 'content', 195, 8, 60),
(317, 'content', 196, 3, 27),
(318, 'content', 196, 3, 87),
(319, 'content', 197, 3, 87),
(320, 'content', 198, 3, 26),
(321, 'content', 199, 8, 60),
(322, 'content', 199, 8, 61),
(323, 'content', 199, 8, 62),
(324, 'content', 199, 8, 63),
(325, 'content', 199, 8, 64),
(326, 'content', 199, 8, 65),
(327, 'content', 200, 9, 73),
(328, 'content', 201, 7, 51),
(329, 'content', 202, 7, 50),
(330, 'content', 202, 7, 51),
(331, 'content', 202, 7, 52),
(332, 'content', 202, 7, 53),
(333, 'content', 202, 7, 54),
(334, 'content', 202, 7, 55),
(335, 'content', 202, 7, 56),
(336, 'content', 202, 7, 57),
(337, 'content', 202, 7, 58),
(338, 'content', 202, 7, 59),
(339, 'content', 203, 3, 29),
(340, 'content', 204, 3, 28),
(341, 'content', 204, 3, 87),
(342, 'content', 205, 8, 62),
(343, 'content', 206, 8, 64),
(344, 'content', 207, 9, 66),
(347, 'content', 208, 10, 74),
(348, 'content', 208, 10, 76),
(349, 'content', 215, 5, 39),
(350, 'content', 210, 1, 1),
(351, 'content', 210, 1, 2),
(352, 'content', 210, 1, 3),
(353, 'content', 210, 1, 4),
(354, 'content', 210, 1, 5),
(355, 'content', 210, 1, 6),
(356, 'content', 210, 1, 7),
(357, 'content', 210, 1, 8),
(358, 'content', 210, 1, 9),
(359, 'content', 210, 1, 10),
(360, 'content', 210, 1, 11),
(361, 'content', 210, 1, 12),
(362, 'content', 217, 6, 48),
(363, 'content', 218, 10, 74),
(364, 'content', 219, 7, 51),
(365, 'content', 220, 3, 87),
(367, 'content', 221, 3, 26),
(368, 'content', 222, 9, 68),
(369, 'content', 223, 8, 60),
(370, 'content', 223, 8, 61),
(371, 'content', 223, 8, 62),
(372, 'content', 223, 8, 63),
(373, 'content', 223, 8, 64),
(374, 'content', 223, 8, 65),
(375, 'content', 224, 10, 74),
(376, 'content', 227, 7, 51),
(377, 'content', 228, 7, 51),
(378, 'content', 229, 4, 30),
(379, 'content', 230, 4, 30),
(380, 'content', 242, 3, 27),
(381, 'content', 243, 9, 66),
(382, 'content', 244, 4, 31),
(383, 'content', 245, 9, 66),
(384, 'content', 246, 9, 66),
(385, 'content', 247, 3, 87),
(386, 'content', 248, 7, 52),
(387, 'content', 249, 4, 34),
(388, 'content', 250, 9, 66),
(389, 'content', 251, 9, 66),
(390, 'content', 252, 9, 66),
(391, 'content', 253, 9, 66),
(392, 'content', 254, 9, 66),
(393, 'content', 255, 9, 66),
(394, 'content', 256, 5, 39),
(398, 'content', 257, 9, 66),
(399, 'content', 257, 9, 68),
(400, 'content', 257, 9, 71),
(401, 'content', 258, 8, 62),
(402, 'content', 259, 3, 87),
(403, 'content', 260, 5, 39),
(404, 'content', 261, 5, 39),
(405, 'content', 262, 4, 31),
(406, 'content', 263, 7, 54),
(407, 'content', 264, 4, 30),
(408, 'content', 264, 4, 31),
(409, 'content', 264, 4, 32),
(410, 'content', 264, 4, 33),
(411, 'content', 264, 4, 34),
(412, 'content', 264, 4, 35),
(413, 'content', 264, 4, 36),
(414, 'content', 264, 4, 37),
(415, 'content', 264, 4, 38),
(416, 'content', 265, 5, 41),
(417, 'content', 266, 8, 61),
(418, 'content', 267, 1, 1),
(419, 'content', 268, 7, 52),
(420, 'content', 269, 7, 51),
(426, 'content', 270, 1, 1),
(427, 'content', 270, 1, 2),
(429, 'content', 270, 1, 8),
(430, 'content', 270, 1, 9),
(431, 'content', 270, 1, 11),
(428, 'content', 270, 1, 4),
(432, 'content', 271, 6, 46),
(433, 'content', 272, 8, 63),
(434, 'content', 273, 1, 10),
(435, 'content', 274, 7, 52),
(436, 'content', 275, 4, 30),
(437, 'content', 276, 9, 66),
(438, 'content', 277, 9, 66),
(439, 'content', 278, 5, 42),
(440, 'content', 279, 9, 70),
(441, 'content', 280, 9, 66),
(442, 'content', 281, 9, 66),
(443, 'content', 282, 9, 66),
(444, 'content', 283, 4, 30),
(445, 'content', 284, 4, 33),
(446, 'content', 285, 8, 60),
(447, 'content', 286, 4, 34),
(448, 'content', 287, 7, 50),
(449, 'content', 288, 4, 34),
(450, 'content', 289, 6, 47),
(451, 'content', 290, 9, 66),
(452, 'content', 291, 9, 66),
(453, 'content', 292, 9, 70),
(454, 'content', 293, 9, 66),
(455, 'content', 294, 9, 66),
(456, 'content', 295, 9, 66),
(457, 'content', 296, 1, 2),
(458, 'content', 297, 5, 41),
(459, 'content', 298, 4, 35),
(460, 'content', 299, 9, 66),
(461, 'content', 300, 3, 26),
(462, 'content', 301, 7, 52),
(463, 'content', 302, 10, 76),
(464, 'content', 303, 4, 33),
(465, 'content', 304, 8, 60),
(466, 'content', 305, 9, 66),
(467, 'content', 306, 3, 27),
(468, 'content', 307, 3, 25),
(469, 'content', 308, 1, 5),
(470, 'content', 309, 4, 34),
(471, 'content', 310, 6, 46),
(472, 'content', 311, 4, 30),
(473, 'content', 312, 4, 31),
(474, 'content', 313, 4, 31),
(475, 'content', 314, 4, 31),
(476, 'content', 315, 4, 31),
(477, 'content', 316, 4, 31),
(478, 'content', 317, 4, 31),
(479, 'content', 318, 4, 36),
(480, 'content', 319, 5, 42),
(481, 'content', 320, 5, 41),
(482, 'content', 321, 3, 25),
(483, 'content', 322, 9, 66),
(484, 'content', 323, 6, 47),
(485, 'content', 324, 4, 34),
(486, 'content', 325, 4, 33),
(487, 'content', 326, 4, 36),
(488, 'content', 327, 3, 25),
(489, 'content', 328, 9, 66),
(490, 'content', 329, 8, 60),
(491, 'content', 330, 5, 39),
(492, 'content', 331, 8, 60),
(493, 'content', 332, 9, 66),
(494, 'content', 333, 8, 60),
(495, 'content', 334, 9, 66),
(496, 'content', 335, 8, 60),
(497, 'content', 336, 8, 60),
(498, 'content', 337, 8, 60),
(499, 'content', 338, 9, 66),
(500, 'content', 339, 9, 66),
(501, 'content', 340, 9, 66),
(502, 'content', 341, 9, 66),
(503, 'content', 342, 9, 66),
(504, 'content', 343, 9, 66),
(505, 'content', 344, 9, 66),
(506, 'content', 345, 3, 26),
(507, 'content', 346, 1, 1),
(508, 'content', 347, 4, 34),
(509, 'content', 348, 4, 35),
(510, 'content', 349, 4, 33),
(511, 'content', 350, 8, 65),
(512, 'content', 352, 3, 87),
(513, 'content', 353, 1, 11),
(514, 'content', 353, 1, 12),
(515, 'content', 354, 10, 74),
(516, 'content', 354, 15, 81),
(517, 'content', 355, 7, 51),
(528, 'content', 356, 7, 50),
(529, 'content', 356, 7, 51),
(530, 'content', 356, 7, 52),
(531, 'content', 356, 7, 53),
(532, 'content', 356, 7, 54),
(533, 'content', 356, 7, 55),
(534, 'content', 356, 7, 56),
(535, 'content', 356, 7, 57),
(536, 'content', 356, 7, 58),
(537, 'content', 356, 7, 59),
(538, 'content', 357, 7, 51),
(539, 'content', 358, 10, 74),
(540, 'content', 358, 10, 75),
(541, 'content', 358, 10, 76),
(542, 'content', 358, 10, 77),
(543, 'content', 358, 10, 78),
(544, 'content', 358, 10, 79),
(545, 'content', 359, 6, 44),
(546, 'content', 359, 6, 45),
(547, 'content', 359, 6, 46),
(548, 'content', 359, 6, 47),
(549, 'content', 359, 6, 48),
(550, 'content', 360, 3, 87),
(575, 'content', 363, 1, 8),
(576, 'content', 363, 1, 9),
(577, 'content', 363, 1, 10),
(578, 'content', 363, 1, 11),
(579, 'content', 363, 1, 12),
(580, 'content', 364, 1, 1),
(581, 'content', 364, 1, 2),
(582, 'content', 364, 1, 3),
(583, 'content', 364, 1, 4),
(584, 'content', 364, 1, 5),
(585, 'content', 364, 1, 6),
(586, 'content', 364, 1, 7),
(587, 'content', 364, 1, 8),
(588, 'content', 364, 1, 9),
(589, 'content', 364, 1, 10),
(590, 'content', 364, 1, 11),
(591, 'content', 364, 1, 12),
(592, 'content', 365, 3, 23),
(593, 'content', 365, 3, 24),
(594, 'content', 365, 3, 25),
(595, 'content', 365, 3, 27),
(596, 'content', 365, 3, 28),
(597, 'content', 365, 3, 29),
(598, 'content', 365, 3, 87),
(607, 'content', 366, 3, 23),
(608, 'content', 366, 3, 24),
(609, 'content', 366, 3, 25),
(610, 'content', 366, 3, 26),
(611, 'content', 366, 3, 27),
(612, 'content', 366, 3, 28),
(613, 'content', 366, 3, 29),
(614, 'content', 366, 3, 87),
(615, 'content', 367, 1, 1),
(616, 'content', 367, 1, 2),
(617, 'content', 367, 1, 3),
(618, 'content', 367, 1, 4),
(619, 'content', 367, 1, 5),
(620, 'content', 367, 1, 6),
(621, 'content', 367, 1, 7),
(622, 'content', 367, 1, 8),
(623, 'content', 367, 1, 9),
(624, 'content', 367, 1, 10),
(625, 'content', 367, 1, 11),
(626, 'content', 367, 1, 12),
(627, 'content', 368, 3, 23),
(628, 'content', 368, 3, 24),
(629, 'content', 368, 3, 25),
(630, 'content', 368, 3, 26),
(631, 'content', 368, 3, 27),
(632, 'content', 368, 3, 28),
(633, 'content', 368, 3, 29),
(634, 'content', 368, 3, 87),
(635, 'content', 369, 3, 23),
(636, 'content', 369, 3, 24),
(637, 'content', 369, 3, 25),
(638, 'content', 369, 3, 26),
(639, 'content', 369, 3, 27),
(640, 'content', 369, 3, 28),
(641, 'content', 369, 3, 29),
(642, 'content', 369, 3, 87),
(643, 'content', 370, 3, 28),
(644, 'content', 371, 1, 1),
(645, 'content', 371, 1, 2),
(646, 'content', 371, 1, 3),
(647, 'content', 371, 1, 4),
(648, 'content', 371, 1, 5),
(649, 'content', 371, 1, 6),
(650, 'content', 371, 1, 7),
(651, 'content', 371, 1, 8),
(652, 'content', 371, 1, 9),
(653, 'content', 371, 1, 10),
(654, 'content', 371, 1, 11),
(655, 'content', 371, 1, 12),
(656, 'content', 372, 1, 1),
(657, 'content', 372, 1, 2),
(658, 'content', 372, 1, 3),
(659, 'content', 372, 1, 4),
(660, 'content', 372, 1, 5),
(661, 'content', 372, 1, 6),
(662, 'content', 372, 1, 7),
(663, 'content', 372, 1, 8),
(664, 'content', 372, 1, 9),
(665, 'content', 372, 1, 10),
(666, 'content', 372, 1, 11),
(667, 'content', 372, 1, 12),
(668, 'content', 373, 3, 23),
(669, 'content', 373, 3, 24),
(670, 'content', 373, 3, 25),
(671, 'content', 373, 3, 26),
(672, 'content', 373, 3, 27),
(673, 'content', 373, 3, 28),
(674, 'content', 373, 3, 29),
(675, 'content', 373, 3, 87),
(676, 'content', 374, 1, 1),
(677, 'content', 374, 1, 2),
(678, 'content', 374, 1, 3),
(679, 'content', 374, 1, 4),
(680, 'content', 374, 1, 5),
(681, 'content', 374, 1, 6),
(682, 'content', 374, 1, 7),
(683, 'content', 374, 1, 8),
(684, 'content', 374, 1, 9),
(685, 'content', 374, 1, 10),
(686, 'content', 374, 1, 11),
(687, 'content', 374, 1, 12),
(688, 'content', 375, 8, 60),
(689, 'content', 375, 8, 61),
(690, 'content', 375, 8, 62),
(691, 'content', 375, 8, 63),
(692, 'content', 375, 8, 64),
(693, 'content', 375, 8, 65),
(694, 'content', 376, 4, 30),
(695, 'content', 376, 4, 31),
(696, 'content', 376, 4, 32),
(697, 'content', 376, 4, 33),
(698, 'content', 376, 4, 34),
(699, 'content', 376, 4, 35),
(700, 'content', 376, 4, 36),
(701, 'content', 376, 4, 37),
(702, 'content', 376, 4, 38),
(703, 'content', 377, 8, 60),
(704, 'content', 378, 8, 60),
(705, 'content', 378, 8, 61),
(706, 'content', 378, 8, 62),
(707, 'content', 378, 8, 63),
(708, 'content', 378, 8, 64),
(709, 'content', 378, 8, 65),
(710, 'content', 379, 7, 50),
(711, 'content', 379, 7, 51),
(712, 'content', 379, 7, 52),
(713, 'content', 379, 7, 53),
(714, 'content', 379, 7, 54),
(715, 'content', 379, 7, 55),
(716, 'content', 379, 7, 56),
(717, 'content', 379, 7, 57),
(718, 'content', 379, 7, 58),
(719, 'content', 379, 7, 59),
(720, 'content', 380, 7, 50),
(721, 'content', 380, 7, 51),
(722, 'content', 380, 7, 52),
(723, 'content', 380, 7, 53),
(724, 'content', 380, 7, 54),
(725, 'content', 380, 7, 55),
(726, 'content', 380, 7, 56),
(727, 'content', 380, 7, 57),
(728, 'content', 380, 7, 58),
(729, 'content', 380, 7, 59),
(730, 'content', 381, 8, 60),
(731, 'content', 381, 8, 61),
(732, 'content', 381, 8, 62),
(733, 'content', 381, 8, 63),
(734, 'content', 381, 8, 64),
(735, 'content', 381, 8, 65),
(736, 'content', 382, 5, 39),
(737, 'content', 382, 5, 40),
(738, 'content', 382, 5, 41),
(739, 'content', 382, 5, 42),
(740, 'content', 382, 5, 43),
(741, 'content', 383, 8, 63),
(742, 'content', 384, 5, 39),
(743, 'content', 384, 5, 40),
(744, 'content', 384, 5, 41),
(745, 'content', 384, 5, 42),
(746, 'content', 384, 5, 43),
(747, 'content', 385, 8, 60),
(748, 'content', 385, 8, 61),
(749, 'content', 385, 8, 62),
(750, 'content', 385, 8, 63),
(751, 'content', 385, 8, 64),
(752, 'content', 385, 8, 65),
(753, 'content', 386, 5, 39),
(754, 'content', 386, 5, 40),
(755, 'content', 386, 5, 41),
(756, 'content', 386, 5, 42),
(757, 'content', 386, 5, 43),
(758, 'content', 387, 5, 42),
(759, 'content', 388, 5, 39),
(760, 'content', 389, 10, 74),
(761, 'content', 389, 10, 75),
(762, 'content', 389, 10, 76),
(763, 'content', 389, 10, 77),
(764, 'content', 389, 10, 78),
(765, 'content', 389, 10, 79),
(766, 'content', 390, 3, 28),
(767, 'content', 391, 9, 68),
(768, 'content', 392, 9, 67),
(769, 'content', 393, 5, 39),
(770, 'content', 394, 9, 67),
(771, 'content', 395, 3, 23),
(772, 'content', 395, 3, 24),
(773, 'content', 395, 3, 25),
(774, 'content', 395, 3, 26),
(775, 'content', 395, 3, 27),
(776, 'content', 395, 3, 28),
(777, 'content', 395, 3, 29),
(778, 'content', 395, 3, 87),
(779, 'content', 396, 8, 60),
(780, 'content', 396, 8, 61),
(781, 'content', 396, 8, 62),
(782, 'content', 396, 8, 64),
(783, 'content', 396, 8, 65),
(784, 'content', 397, 6, 44),
(785, 'content', 397, 6, 45),
(786, 'content', 397, 6, 46),
(787, 'content', 397, 6, 47),
(788, 'content', 397, 6, 48),
(789, 'content', 398, 6, 44),
(790, 'content', 398, 6, 45),
(791, 'content', 398, 6, 46),
(792, 'content', 398, 6, 47),
(793, 'content', 398, 6, 48),
(794, 'content', 399, 8, 61),
(795, 'content', 399, 8, 62),
(796, 'content', 399, 8, 63),
(797, 'content', 399, 8, 64),
(798, 'content', 399, 8, 65),
(799, 'content', 400, 6, 44),
(800, 'content', 400, 6, 45),
(801, 'content', 400, 6, 46),
(802, 'content', 400, 6, 47),
(803, 'content', 400, 6, 48),
(804, 'content', 401, 6, 45),
(805, 'content', 402, 6, 44),
(806, 'content', 402, 6, 45),
(807, 'content', 402, 6, 46),
(808, 'content', 402, 6, 47),
(809, 'content', 402, 6, 48),
(810, 'content', 403, 7, 50),
(811, 'content', 403, 7, 51),
(812, 'content', 403, 7, 52),
(813, 'content', 403, 7, 53),
(814, 'content', 403, 7, 54),
(815, 'content', 403, 7, 55),
(816, 'content', 403, 7, 56),
(817, 'content', 403, 7, 57),
(818, 'content', 403, 7, 58),
(819, 'content', 403, 7, 59),
(820, 'content', 404, 10, 74),
(821, 'content', 404, 10, 75),
(822, 'content', 404, 10, 76),
(823, 'content', 404, 10, 77),
(824, 'content', 404, 10, 78),
(825, 'content', 404, 10, 79),
(826, 'content', 405, 7, 50),
(827, 'content', 405, 7, 51),
(828, 'content', 405, 7, 52),
(829, 'content', 405, 7, 53),
(830, 'content', 405, 7, 54),
(831, 'content', 405, 7, 55),
(832, 'content', 405, 7, 56),
(833, 'content', 405, 7, 57),
(834, 'content', 405, 7, 58),
(835, 'content', 405, 7, 59),
(836, 'content', 406, 4, 32),
(837, 'content', 407, 4, 37),
(838, 'content', 408, 4, 30),
(839, 'content', 408, 4, 31),
(840, 'content', 408, 4, 32),
(841, 'content', 408, 4, 33),
(842, 'content', 408, 4, 34),
(843, 'content', 408, 4, 35),
(844, 'content', 408, 4, 36),
(845, 'content', 408, 4, 37),
(846, 'content', 408, 4, 38),
(847, 'content', 409, 4, 30),
(848, 'content', 409, 4, 31),
(849, 'content', 409, 4, 32),
(850, 'content', 409, 4, 33),
(851, 'content', 409, 4, 34),
(852, 'content', 409, 4, 35),
(853, 'content', 409, 4, 36),
(854, 'content', 409, 4, 37),
(855, 'content', 410, 4, 30),
(856, 'content', 410, 4, 31),
(857, 'content', 410, 4, 32),
(858, 'content', 410, 4, 33),
(859, 'content', 410, 4, 34),
(860, 'content', 410, 4, 35),
(861, 'content', 410, 4, 36),
(862, 'content', 410, 4, 37),
(863, 'content', 410, 4, 38),
(870, 'content', 411, 10, 74),
(871, 'content', 411, 10, 75),
(872, 'content', 411, 10, 76),
(873, 'content', 411, 10, 77),
(874, 'content', 411, 10, 78),
(875, 'content', 411, 10, 79),
(876, 'content', 412, 10, 74),
(877, 'content', 412, 10, 75),
(878, 'content', 412, 10, 76),
(879, 'content', 412, 10, 79),
(880, 'content', 413, 10, 74),
(881, 'content', 413, 10, 75),
(882, 'content', 413, 10, 76),
(883, 'content', 413, 10, 77),
(884, 'content', 413, 10, 78),
(885, 'content', 413, 10, 79),
(886, 'content', 414, 10, 74),
(887, 'content', 414, 10, 75),
(888, 'content', 414, 10, 76),
(889, 'content', 414, 10, 77),
(890, 'content', 414, 10, 78),
(891, 'content', 414, 10, 79),
(919, 'content', 415, 9, 71),
(918, 'content', 415, 9, 70),
(917, 'content', 415, 9, 69),
(916, 'content', 415, 9, 68),
(915, 'content', 415, 9, 67),
(914, 'content', 415, 9, 66),
(926, 'content', 417, 7, 54),
(925, 'content', 417, 7, 53),
(924, 'content', 417, 7, 52),
(923, 'content', 417, 7, 51),
(922, 'content', 417, 7, 50),
(921, 'content', 415, 9, 73),
(920, 'content', 415, 9, 72),
(927, 'content', 417, 7, 55),
(928, 'content', 417, 7, 56),
(929, 'content', 417, 7, 57),
(930, 'content', 417, 7, 58),
(931, 'content', 418, 7, 50),
(932, 'content', 418, 7, 51),
(933, 'content', 418, 7, 52),
(934, 'content', 418, 7, 53),
(935, 'content', 418, 7, 54),
(936, 'content', 418, 7, 55),
(937, 'content', 418, 7, 56),
(938, 'content', 418, 7, 57),
(939, 'content', 418, 7, 58),
(940, 'content', 418, 7, 59),
(942, 'content', 419, 7, 59),
(943, 'content', 420, 7, 50),
(944, 'content', 420, 7, 51),
(945, 'content', 420, 7, 52),
(946, 'content', 420, 7, 53),
(947, 'content', 420, 7, 54),
(948, 'content', 420, 7, 55),
(949, 'content', 420, 7, 56),
(950, 'content', 420, 7, 57),
(951, 'content', 420, 7, 58),
(952, 'content', 420, 7, 59),
(953, 'content', 421, 6, 47),
(954, 'content', 422, 9, 66),
(955, 'content', 422, 9, 67),
(956, 'content', 422, 9, 68),
(957, 'content', 422, 9, 69),
(958, 'content', 422, 9, 70),
(959, 'content', 422, 9, 71),
(960, 'content', 422, 9, 72),
(961, 'content', 422, 9, 73),
(969, 'content', 423, 9, 66),
(970, 'content', 423, 9, 67),
(971, 'content', 423, 9, 68),
(972, 'content', 423, 9, 69),
(973, 'content', 423, 9, 71),
(974, 'content', 423, 9, 72),
(975, 'content', 423, 9, 73),
(976, 'content', 424, 3, 24),
(977, 'content', 425, 3, 28),
(978, 'content', 426, 5, 42),
(979, 'content', 427, 1, 2),
(980, 'content', 433, 14, 1),
(981, 'content', 434, 14, 1),
(982, 'content', 434, 14, 2),
(983, 'content', 435, 14, 1),
(984, 'content', 435, 14, 2),
(985, 'content', 436, 14, 2),
(986, 'content', 436, 14, 3),
(987, 'content', 437, 14, 2),
(988, 'content', 437, 14, 3),
(989, 'content', 437, 14, 4),
(990, 'content', 438, 14, 1),
(991, 'content', 438, 14, 2),
(992, 'content', 438, 14, 3),
(993, 'content', 439, 14, 1),
(994, 'content', 439, 14, 2),
(995, 'content', 439, 14, 3),
(996, 'content', 440, 14, 1),
(997, 'content', 440, 14, 2),
(998, 'content', 440, 14, 3),
(1001, 'content', 458, 15, 104),
(1000, 'content', 447, 15, 146),
(1003, 'banner', 5, 15, 102),
(1004, 'content', 475, 14, 74),
(1005, 'content', 475, 14, 75),
(1006, 'content', 475, 14, 76),
(1007, 'content', 475, 14, 77),
(1008, 'content', 475, 14, 78),
(1009, 'content', 475, 14, 79),
(1044, 'content', 474, 14, 88),
(1045, 'content', 474, 14, 89),
(1048, 'content', 474, 14, 94),
(1046, 'content', 474, 14, 91),
(1047, 'content', 474, 14, 87),
(1017, 'content', 479, 14, 25),
(1018, 'content', 243, 15, 100),
(1019, 'content', 233, 15, 100),
(1020, 'content', 236, 15, 100),
(1021, 'content', 238, 15, 100),
(1022, 'content', 242, 15, 100),
(1023, 'content', 247, 15, 100),
(1024, 'content', 250, 15, 100),
(1025, 'content', 262, 15, 100),
(1026, 'content', 263, 15, 100),
(1027, 'content', 265, 15, 100),
(1028, 'content', 266, 15, 100),
(1029, 'content', 272, 15, 100),
(1030, 'content', 274, 15, 100),
(1031, 'content', 276, 15, 100),
(1032, 'content', 338, 15, 100),
(1033, 'content', 339, 15, 100),
(1034, 'content', 340, 15, 100),
(1035, 'content', 341, 15, 100),
(1036, 'content', 342, 15, 100),
(1037, 'content', 344, 15, 100),
(1038, 'content', 350, 15, 100),
(1039, 'content', 468, 15, 100),
(1040, 'content', 469, 15, 100),
(1041, 'content', 477, 15, 100),
(1042, 'content', 478, 15, 100),
(1043, 'content', 479, 15, 100),
(1049, 'content', 474, 15, 99),
(1050, 'content', 480, 14, 41);

--
-- Volcar la base de datos para la tabla `jos_custom_properties_fields`
--

INSERT INTO `jos_custom_properties_fields` (`id`, `name`, `label`, `field_type`, `modules`, `published`, `access`, `ordering`, `checked_out`) VALUES
(1, 'bue_almirante_brown', 'Almirante Brown', 'checkbox', '', 1, 0, 2, 0),
(3, 'bue_avellaneda', 'Avellaneda', 'checkbox', '', 1, 0, 3, 0),
(4, 'bue_berazategui', 'Berazategui', 'checkbox', '', 1, 0, 4, 0),
(5, 'bue_esteban_echeverria', 'Esteban Echeverría', 'checkbox', '', 1, 0, 5, 0),
(6, 'bue_ezeiza', 'Ezeiza', 'checkbox', '', 1, 0, 6, 0),
(7, 'bue_florencio_varela', 'Florencio Varela', 'checkbox', '', 1, 0, 7, 0),
(8, 'bue_lanus', 'Lanús', 'checkbox', '', 1, 0, 8, 0),
(9, 'bue_lomas_de_zamora', 'Lomas de Zamora', 'checkbox', '', 1, 0, 9, 0),
(10, 'bue_quilmes', 'Quilmes', 'checkbox', '', 1, 0, 10, 0),
(11, 'noticias_old', 'Noticias-OLD', 'select', '', 1, 0, 11, 0),
(12, 'agenda_old', 'Agenda OLD', 'select', '', 1, 0, 12, 0),
(13, 'contactos_old', 'Contactos OLD', 'select', '', 1, 0, 13, 0),
(14, 'root_zonales', 'Zonas de interés', 'checkbox', '', 1, 0, 14, 0),
(15, 'root_noticias', 'Noticias', 'select', '', 1, 0, 15, 0),
(16, 'root_agenda', 'Agenda', 'select', '', 1, 0, 16, 0),
(17, 'root_clasificados', 'Clasificados', 'select', '', 1, 0, 17, 0);

--
-- Volcar la base de datos para la tabla `jos_custom_properties_values`
--

INSERT INTO `jos_custom_properties_values` (`id`, `field_id`, `parent_id`, `name`, `label`, `priority`, `default`, `ordering`, `multiple`) VALUES
(1, 14, 90, 'adrogue', 'Adrogué', 0, 0, 1, 1),
(2, 14, 90, 'burzaco', 'Burzaco', 0, 0, 21, 1),
(3, 14, 90, 'jose_marmol', 'José Marmol', 0, 0, 28, 1),
(4, 14, 90, 'rafael_calzada', 'Rafael Calzada', 0, 0, 40, 1),
(5, 14, 90, 'sanjose', 'San José', 0, 0, 45, 1),
(6, 14, 90, 'claypole', 'Claypole', 0, 0, 56, 1),
(7, 14, 90, 'don_orione', 'Don Orione', 0, 0, 65, 1),
(8, 14, 90, 'solano', 'Solano', 0, 0, 68, 1),
(9, 14, 90, 'malvinas_argentinas', 'Malvinas Argentinas', 0, 0, 75, 1),
(10, 14, 90, 'longchamps', 'Longchamps', 0, 0, 77, 1),
(11, 14, 90, 'glew', 'Glew', 0, 0, 79, 1),
(12, 14, 90, 'ministro_rivadavia', 'Ministro Rivadavia', 0, 0, 80, 1),
(87, 14, 91, 'avellaneda_centro', 'Avellaneda Centro', 0, 0, 70, 1),
(84, 11, NULL, 'la_voz_del_vecino', 'La voz del vecino', 0, 0, 5, 1),
(83, 11, NULL, 'consumos_y_salidas', 'Consumo y salidas', 0, 0, 4, 1),
(82, 11, NULL, 'sociedad', 'Sociedad', 0, 0, 3, 1),
(81, 11, NULL, 'deportes', 'Deportes', 0, 0, 2, 1),
(80, 11, NULL, 'actualidad', 'Actualidad', 0, 0, 1, 1),
(23, 14, 91, 'pinieiro', 'Piñeiro', 0, 0, 5, 1),
(24, 14, 91, 'gerli', 'Gerli', 0, 0, 22, 1),
(25, 14, 91, 'crucesita', 'Crucesita', 0, 0, 26, 1),
(26, 14, 91, 'sarandi', 'Sarandí', 0, 0, 37, 1),
(27, 14, 91, 'villa_dominico', 'Villa Domínico', 0, 0, 50, 1),
(28, 14, 91, 'wilde', 'Wilde', 0, 0, 53, 1),
(29, 14, 91, 'docksud', 'Dock Sud', 0, 0, 63, 1),
(30, 14, 92, 'berazategui', 'Berazategui', 0, 0, 7, 1),
(31, 14, 92, 'hudson', 'Hudson', 0, 0, 20, 1),
(32, 14, 92, 'juan_maria_gutierrez', 'Juan María Gutiérrez', 0, 0, 31, 1),
(33, 14, 92, 'ranelagh', 'Ranelagh', 0, 0, 38, 1),
(34, 14, 92, 'sourigues', 'Sourigues', 0, 0, 52, 1),
(35, 14, 92, 'pereyra', 'Pereyra', 0, 0, 55, 1),
(36, 14, 92, 'platanos', 'Plátanos', 0, 0, 66, 1),
(37, 14, 92, 'villa_espania', 'Villa España', 0, 0, 72, 1),
(38, 14, 92, 'el_pato', 'El Pato', 0, 0, 73, 1),
(39, 14, 93, 'monte_grande', 'Monte Grande', 0, 0, 2, 1),
(40, 14, 93, 'luis_guillon', 'Luis Guillón', 0, 0, 14, 1),
(41, 14, 93, 'canning', 'Canning', 0, 0, 24, 1),
(42, 14, 93, 'el_jaguel', 'El Jagüel', 0, 0, 41, 1),
(43, 14, 93, '9_de_abril', '9 de Abril', 0, 0, 51, 1),
(44, 14, 94, 'jos_maria_ezeiza', 'José María Ezeiza', 0, 0, 3, 1),
(45, 14, 94, 'canning', 'Canning', 0, 0, 15, 1),
(46, 14, 94, 'union_ferroviaria', 'Unión Ferroviaria', 0, 0, 23, 1),
(47, 14, 94, 'tristan_suarez', 'Tristán Suárez', 0, 0, 35, 1),
(48, 14, 94, 'spegazzini', 'Spegazzini', 0, 0, 49, 1),
(50, 14, 95, 'gobernador_costa', 'Gobernador Costa', 0, 0, 4, 1),
(51, 14, 95, 'florencio_varela', 'Florencio Varela', 0, 0, 18, 1),
(52, 14, 95, 'santa_rosa', 'Santa Rosa', 0, 0, 25, 1),
(53, 14, 95, 'villa_vatteone', 'Villa Vatteone', 0, 0, 36, 1),
(54, 14, 95, 'zeballos', 'Zeballos', 0, 0, 48, 1),
(55, 14, 95, 'villa_brown', 'Villa Brown', 0, 0, 59, 1),
(56, 14, 95, 'san_luis', 'San Luis', 0, 0, 62, 1),
(57, 14, 95, 'la_capilla', 'La Capilla', 0, 0, 69, 1),
(58, 14, 95, 'bosques', 'Bosques', 0, 0, 76, 1),
(59, 14, 95, 'ingeniero_allan', 'Ingeniero Allan', 0, 0, 78, 1),
(60, 14, 96, 'lanus_oeste', 'Lanús Oeste', 0, 0, 6, 1),
(61, 14, 96, 'lanus_este', 'Lanús Este', 0, 0, 19, 1),
(62, 14, 96, 'escalada', 'Escalada', 0, 0, 32, 1),
(63, 14, 96, 'valentin_alsina', 'Valentín Alsina', 0, 0, 34, 1),
(64, 14, 96, 'gerli', 'Gerli', 0, 0, 46, 1),
(65, 14, 96, 'monte_chingolo', 'Monte Chingolo', 0, 0, 58, 1),
(66, 14, 97, 'lomas_de_zamora', 'Lomas de Zamora', 0, 0, 8, 1),
(67, 14, 97, 'temperley', 'Temperley', 0, 0, 16, 1),
(68, 14, 97, 'banfield', 'Banfield', 0, 0, 30, 1),
(69, 14, 97, 'llavallol', 'Llavallol', 0, 0, 33, 1),
(70, 14, 97, 'turdera', 'Turdera', 0, 0, 44, 1),
(71, 14, 97, 'san_jose', 'San José', 0, 0, 57, 1),
(72, 14, 97, 'villa_centenario', 'Villa Centenario', 0, 0, 64, 1),
(73, 14, 97, 'cuartel_ix', 'Cuartel IX', 0, 0, 67, 1),
(74, 14, 98, 'quilmes', 'Quilmes', 0, 0, 11, 1),
(75, 14, 98, 'quilmes_oeste', 'Quilmes Oeste', 0, 0, 17, 1),
(76, 14, 98, 'bernal', 'Bernal', 0, 0, 27, 1),
(77, 14, 98, 'don_bosco', 'Don Bosco', 0, 0, 42, 1),
(78, 14, 98, 'ezpeleta', 'Ezpeleta', 0, 0, 43, 1),
(79, 14, 98, 'solano', 'Solano', 0, 0, 54, 1),
(85, 11, NULL, 'historias_y_personajes', 'Historias y personajes', 0, 0, 6, 1),
(88, 14, 0, 'argentina', 'Argentina', 0, 0, 10, 1),
(89, 14, 88, 'buenos_aires', 'Buenos Aires', 0, 0, 9, 0),
(90, 14, 89, 'bue_almirante_brown', 'Almirante Brown', 0, 0, 12, 1),
(91, 14, 89, 'bue_avellaneda', 'Avellaneda', 0, 0, 13, 1),
(92, 14, 89, 'bue_berazategui', 'Berazategui', 0, 0, 29, 1),
(93, 14, 89, 'bue_esteban_echeverria', 'Esteban Echeverría', 0, 0, 39, 1),
(94, 14, 89, 'bue_ezeiza', 'Ezeiza', 0, 0, 47, 1),
(95, 14, 89, 'bue_florencio_varela', 'Florencio Varela', 0, 0, 60, 1),
(96, 14, 89, 'bue_lanus', 'Lanús', 0, 0, 61, 1),
(97, 14, 89, 'bue_lomas_de_zamora', 'Lomas de Zamora', 0, 0, 71, 1),
(98, 14, 89, 'bue_quilmes', 'Quilmes', 0, 0, 74, 1),
(99, 15, 0, 'actualidad', 'Actualidad', 0, 0, 1, 1),
(100, 15, 0, 'la_voz_del_vecino', 'La Voz del Vecino', 0, 0, 9, 1),
(101, 15, 0, 'deportes', 'Deportes', 0, 0, 15, 1),
(102, 15, 0, 'sociedad', 'Sociedad', 0, 0, 16, 1),
(103, 15, 0, 'espectaculos', 'Espectáculos', 0, 0, 18, 1),
(104, 15, 0, 'policiales', 'Policiales', 0, 0, 19, 1),
(106, 17, 0, 'rodados', 'Automotores', 0, 0, 81, 0),
(107, 17, 0, 'inmuebles', 'Inmuebles', 0, 0, 82, 0),
(108, 17, 106, 'autos', 'Autos', 0, 0, 83, 0),
(109, 17, 106, 'pickups', 'Pick-Ups', 0, 0, 84, 0),
(110, 17, 106, 'motos', 'Motos', 0, 0, 85, 0),
(111, 17, 107, 'casas', 'Casas', 0, 0, 86, 0),
(112, 17, 107, 'departamentos', 'Departamentos', 0, 0, 87, 0),
(113, 16, 0, 'espectaculos', 'Espectáculos', 0, 0, 88, 0),
(114, 16, 113, 'deportes', 'Deportes', 0, 0, 89, 0),
(115, 16, 113, 'cine', 'Cine', 0, 0, 90, 0),
(116, 16, 113, 'teatro', 'Teatro', 0, 0, 91, 0),
(117, 16, 0, 'eventos', 'Eventos', 0, 0, 92, 0),
(118, 16, 0, 'reservas', 'Reservas', 0, 0, 93, 0),
(119, 16, 117, 'actos_de_gobierno', 'Actos de Gobierno', 0, 0, 94, 0),
(120, 16, 117, 'actos_oficiales', 'Actos oficiales', 0, 0, 95, 0),
(121, 16, 117, 'inauguraciones', 'Inauguraciones', 0, 0, 96, 0),
(122, 16, 118, 'gastronomicas', 'Gastronómicas', 0, 0, 97, 0),
(123, 16, 118, 'alojamiento', 'Alojamiento', 0, 0, 98, 0),
(124, 16, 118, 'esparcimiento_y_deportes', 'Esparcimiento y Deportes', 0, 0, 99, 0),
(125, 16, 0, 'voluntario', 'Voluntario', 0, 0, 100, 0),
(126, 15, 0, 'turismo', 'Turismo', 0, 0, 7, 0),
(127, 15, 126, 'lugares', 'Lugares', 0, 0, 6, 0),
(128, 15, 126, 'paseos', 'Latinoamérica', 0, 0, 11, 0),
(129, 15, 126, 'excursiones', 'Excursiones', 0, 0, 12, 0),
(154, 14, 88, 'borrar', 'Borrar', 0, 0, 103, 0),
(157, 17, 112, 'borrar', 'Borrar', 0, 0, 1, 0),
(159, 17, 157, 'borrar', 'Borrar', 0, 0, 1, 1),
(140, 15, 0, 'tecnologia', 'Tecnología', 0, 0, 5, 0),
(141, 15, 140, 'ajax', 'Ajax', 0, 0, 4, 1),
(142, 15, 140, 'internet', 'Internet', 0, 0, 10, 1),
(143, 15, 140, 'google', 'Google', 0, 0, 13, 1),
(144, 15, 140, 'informatica', 'Informática', 0, 0, 17, 1),
(145, 15, 101, 'futbol', 'Fútbol', 0, 0, 3, 0),
(146, 15, 145, 'argentina', 'Argentina', 0, 0, 2, 1),
(147, 15, 145, 'espaa', 'España', 0, 0, 8, 1),
(148, 15, 145, 'holanda', 'Holanda', 0, 0, 14, 1),
(149, 15, 101, 'basquet', 'Básquet', 0, 0, 20, 0),
(150, 14, 0, 'uruguay', 'Uruguay', 0, 0, 102, 0),
(151, 16, 113, 'danza', 'Danza', 0, 0, 1, 0),
(152, 16, 151, 'julio_bocca', 'Julio Bocca', 0, 0, 1, 0),
(161, 15, 0, 'consumos_y_salidas', 'Consumos y salidas', 0, 0, 104, 0),
(162, 15, 0, 'historias_y_personajes', 'Historias y Personajes', 0, 0, 105, 0);

--
-- Volcar la base de datos para la tabla `jos_menu`
--

INSERT INTO `jos_menu` (`id`, `menutype`, `name`, `alias`, `link`, `type`, `published`, `parent`, `componentid`, `sublevel`, `ordering`, `checked_out`, `checked_out_time`, `pollid`, `browserNav`, `access`, `utaccess`, `params`, `lft`, `rgt`, `home`) VALUES
(1, 'mainmenu', 'Home', 'home', 'index.php?option=com_content&view=frontpage', 'component', 1, 0, 20, 0, 8, 0, '0000-00-00 00:00:00', 0, 0, 0, 3, 'num_leading_articles=0\nnum_intro_articles=3\nnum_columns=1\nnum_links=6\norderby_pri=\norderby_sec=front\nmulti_column_order=1\nshow_pagination=0\nshow_pagination_results=1\nshow_feed_link=1\nshow_noauth=\nshow_title=\nlink_titles=\nshow_intro=\nshow_section=\nlink_section=\nshow_category=\nlink_category=\nshow_author=\nshow_create_date=\nshow_modify_date=\nshow_item_navigation=\nshow_readmore=\nshow_vote=\nshow_icons=0\nshow_pdf_icon=0\nshow_print_icon=0\nshow_email_icon=0\nshow_hits=0\nfeed_summary=\npage_title=\nshow_page_title=1\npageclass_sfx=\nmenu_image=-1\nsecure=0\n\n', 0, 0, 1),
(2, 'mainmenu', 'Actualidad', 'actualidad', 'index.php?option=com_content&view=category&layout=blog&id=1', 'component', 1, 0, 20, 0, 9, 0, '0000-00-00 00:00:00', 0, 0, 0, 0, 'show_description=0\nshow_description_image=0\nnum_leading_articles=0\nnum_intro_articles=8\nnum_columns=1\nnum_links=0\norderby_pri=\norderby_sec=\nmulti_column_order=0\nshow_pagination=2\nshow_pagination_results=1\nshow_feed_link=1\nshow_noauth=\nshow_title=\nlink_titles=\nshow_intro=\nshow_section=\nlink_section=\nshow_category=\nlink_category=\nshow_author=\nshow_create_date=\nshow_modify_date=\nshow_item_navigation=\nshow_readmore=\nshow_vote=\nshow_icons=\nshow_pdf_icon=\nshow_print_icon=\nshow_email_icon=\nshow_hits=\nfeed_summary=\npage_title=\nshow_page_title=1\npageclass_sfx=\nmenu_image=-1\nsecure=0\n\n', 0, 0, 0),
(3, 'mainmenu', 'Deportes', 'deportes', 'index.php?option=com_content&view=category&layout=blog&id=3', 'component', 1, 0, 20, 0, 10, 0, '0000-00-00 00:00:00', 0, 0, 0, 0, 'show_description=0\nshow_description_image=0\nnum_leading_articles=0\nnum_intro_articles=8\nnum_columns=1\nnum_links=0\norderby_pri=\norderby_sec=\nmulti_column_order=0\nshow_pagination=2\nshow_pagination_results=1\nshow_feed_link=1\nshow_noauth=\nshow_title=\nlink_titles=\nshow_intro=\nshow_section=\nlink_section=\nshow_category=\nlink_category=\nshow_author=\nshow_create_date=\nshow_modify_date=\nshow_item_navigation=\nshow_readmore=\nshow_vote=\nshow_icons=\nshow_pdf_icon=\nshow_print_icon=\nshow_email_icon=\nshow_hits=\nfeed_summary=\npage_title=\nshow_page_title=1\npageclass_sfx=\nmenu_image=-1\nsecure=0\n\n', 0, 0, 0),
(4, 'mainmenu', 'Sociedad', 'sociedad', 'index.php?option=com_content&view=category&layout=blog&id=4', 'component', 1, 0, 20, 0, 11, 0, '0000-00-00 00:00:00', 0, 0, 0, 0, 'show_description=0\nshow_description_image=0\nnum_leading_articles=0\nnum_intro_articles=8\nnum_columns=1\nnum_links=0\norderby_pri=\norderby_sec=\nmulti_column_order=0\nshow_pagination=2\nshow_pagination_results=1\nshow_feed_link=1\nshow_noauth=\nshow_title=\nlink_titles=\nshow_intro=\nshow_section=\nlink_section=\nshow_category=\nlink_category=\nshow_author=\nshow_create_date=\nshow_modify_date=\nshow_item_navigation=\nshow_readmore=\nshow_vote=\nshow_icons=\nshow_pdf_icon=\nshow_print_icon=\nshow_email_icon=\nshow_hits=\nfeed_summary=\npage_title=\nshow_page_title=1\npageclass_sfx=\nmenu_image=-1\nsecure=0\n\n', 0, 0, 0),
(5, 'mainmenu', 'Consumo y salidas', 'consumo-y-salidas', 'index.php?option=com_content&view=category&layout=blog&id=5', 'component', 1, 0, 20, 0, 12, 0, '0000-00-00 00:00:00', 0, 0, 0, 0, 'show_description=0\nshow_description_image=0\nnum_leading_articles=0\nnum_intro_articles=8\nnum_columns=1\nnum_links=0\norderby_pri=\norderby_sec=\nmulti_column_order=0\nshow_pagination=2\nshow_pagination_results=1\nshow_feed_link=1\nshow_noauth=\nshow_title=\nlink_titles=\nshow_intro=\nshow_section=\nlink_section=\nshow_category=\nlink_category=\nshow_author=\nshow_create_date=\nshow_modify_date=\nshow_item_navigation=\nshow_readmore=\nshow_vote=\nshow_icons=\nshow_pdf_icon=\nshow_print_icon=\nshow_email_icon=\nshow_hits=\nfeed_summary=\npage_title=\nshow_page_title=1\npageclass_sfx=\nmenu_image=-1\nsecure=0\n\n', 0, 0, 0),
(6, 'mainmenu', 'La voz del vecino', 'la-voz-del-vecino', 'index.php?option=com_content&view=category&layout=blog&id=2', 'component', 1, 0, 20, 0, 13, 0, '0000-00-00 00:00:00', 0, 0, 0, 0, 'show_description=0\nshow_description_image=0\nnum_leading_articles=0\nnum_intro_articles=8\nnum_columns=1\nnum_links=0\norderby_pri=\norderby_sec=\nmulti_column_order=0\nshow_pagination=2\nshow_pagination_results=1\nshow_feed_link=1\nshow_noauth=\nshow_title=\nlink_titles=\nshow_intro=\nshow_section=\nlink_section=\nshow_category=\nlink_category=\nshow_author=\nshow_create_date=\nshow_modify_date=\nshow_item_navigation=\nshow_readmore=\nshow_vote=\nshow_icons=\nshow_pdf_icon=\nshow_print_icon=\nshow_email_icon=\nshow_hits=\nfeed_summary=\npage_title=\nshow_page_title=1\npageclass_sfx=\nmenu_image=-1\nsecure=0\n\n', 0, 0, 0),
(7, 'mainmenu', 'Historias y personajes', 'historias-y-personajes', 'index.php?option=com_content&view=category&layout=blog&id=6', 'component', 1, 0, 20, 0, 14, 0, '0000-00-00 00:00:00', 0, 0, 0, 0, 'show_description=0\nshow_description_image=0\nnum_leading_articles=0\nnum_intro_articles=8\nnum_columns=1\nnum_links=0\norderby_pri=\norderby_sec=\nmulti_column_order=0\nshow_pagination=2\nshow_pagination_results=1\nshow_feed_link=1\nshow_noauth=\nshow_title=\nlink_titles=\nshow_intro=\nshow_section=\nlink_section=\nshow_category=\nlink_category=\nshow_author=\nshow_create_date=\nshow_modify_date=\nshow_item_navigation=\nshow_readmore=\nshow_vote=\nshow_icons=\nshow_pdf_icon=\nshow_print_icon=\nshow_email_icon=\nshow_hits=\nfeed_summary=\npage_title=\nshow_page_title=1\npageclass_sfx=\nmenu_image=-1\nsecure=0\n\n', 0, 0, 0),
(8, 'mainmenu', 'NOTICIAS', 'noticias', 'index.php?option=com_content&view=section&layout=blog&id=1', 'component', -2, 0, 20, 0, 2, 0, '0000-00-00 00:00:00', 0, 0, 0, 0, 'show_description=0\nshow_description_image=0\nnum_leading_articles=1\nnum_intro_articles=4\nnum_columns=2\nnum_links=4\norderby_pri=\norderby_sec=\nmulti_column_order=0\nshow_pagination=2\nshow_pagination_results=1\nshow_feed_link=1\nshow_noauth=\nshow_title=\nlink_titles=\nshow_intro=\nshow_section=\nlink_section=\nshow_category=\nlink_category=\nshow_author=\nshow_create_date=\nshow_modify_date=\nshow_item_navigation=\nshow_readmore=\nshow_vote=\nshow_icons=\nshow_pdf_icon=\nshow_print_icon=\nshow_email_icon=\nshow_hits=\nfeed_summary=\npage_title=\nshow_page_title=1\npageclass_sfx=\nmenu_image=-1\nsecure=0\n\n', 0, 0, 0),
(10, 'mainmenu', 'ACTUALIDAD', 'actualidad', 'index.php?option=com_content&view=category&layout=blog&id=1', 'component', -2, 0, 20, 1, 7, 0, '0000-00-00 00:00:00', 0, 0, 0, 0, 'show_description=0\nshow_description_image=0\nnum_leading_articles=1\nnum_intro_articles=4\nnum_columns=2\nnum_links=4\norderby_pri=\norderby_sec=\nmulti_column_order=0\nshow_pagination=2\nshow_pagination_results=1\nshow_feed_link=1\nshow_noauth=\nshow_title=\nlink_titles=\nshow_intro=\nshow_section=\nlink_section=\nshow_category=\nlink_category=\nshow_author=\nshow_create_date=\nshow_modify_date=\nshow_item_navigation=\nshow_readmore=\nshow_vote=\nshow_icons=\nshow_pdf_icon=\nshow_print_icon=\nshow_email_icon=\nshow_hits=\nfeed_summary=\npage_title=\nshow_page_title=1\npageclass_sfx=\nmenu_image=-1\nsecure=0\n\n', 0, 0, 0),
(11, 'mainmenu', 'DEPORTES', 'deportes', 'index.php?option=com_content&view=category&layout=blog&id=3', 'component', -2, 0, 20, 1, 6, 0, '0000-00-00 00:00:00', 0, 0, 0, 0, 'show_description=0\nshow_description_image=0\nnum_leading_articles=1\nnum_intro_articles=4\nnum_columns=2\nnum_links=4\norderby_pri=\norderby_sec=\nmulti_column_order=0\nshow_pagination=2\nshow_pagination_results=1\nshow_feed_link=1\nshow_noauth=\nshow_title=\nlink_titles=\nshow_intro=\nshow_section=\nlink_section=\nshow_category=\nlink_category=\nshow_author=\nshow_create_date=\nshow_modify_date=\nshow_item_navigation=\nshow_readmore=\nshow_vote=\nshow_icons=\nshow_pdf_icon=\nshow_print_icon=\nshow_email_icon=\nshow_hits=\nfeed_summary=\npage_title=\nshow_page_title=1\npageclass_sfx=\nmenu_image=-1\nsecure=0\n\n', 0, 0, 0),
(12, 'mainmenu', 'AGENDA', 'agenda', 'index.php?option=com_content&view=section&layout=blog&id=3', 'component', -2, 0, 20, 0, 5, 0, '0000-00-00 00:00:00', 0, 0, 0, 0, 'show_description=0\nshow_description_image=0\nnum_leading_articles=1\nnum_intro_articles=4\nnum_columns=2\nnum_links=4\norderby_pri=\norderby_sec=\nmulti_column_order=0\nshow_pagination=2\nshow_pagination_results=1\nshow_feed_link=1\nshow_noauth=\nshow_title=\nlink_titles=\nshow_intro=\nshow_section=\nlink_section=\nshow_category=\nlink_category=\nshow_author=\nshow_create_date=\nshow_modify_date=\nshow_item_navigation=\nshow_readmore=\nshow_vote=\nshow_icons=\nshow_pdf_icon=\nshow_print_icon=\nshow_email_icon=\nshow_hits=\nfeed_summary=\npage_title=\nshow_page_title=1\npageclass_sfx=\nmenu_image=-1\nsecure=0\n\n', 0, 0, 0),
(13, 'mainmenu', 'TEATRO', 'teatro', 'index.php?option=com_content&view=category&layout=blog&id=1', 'component', -2, 0, 20, 1, 4, 0, '0000-00-00 00:00:00', 0, 0, 0, 0, 'show_description=0\nshow_description_image=0\nnum_leading_articles=1\nnum_intro_articles=4\nnum_columns=2\nnum_links=4\norderby_pri=\norderby_sec=\nmulti_column_order=0\nshow_pagination=2\nshow_pagination_results=1\nshow_feed_link=1\nshow_noauth=\nshow_title=\nlink_titles=\nshow_intro=\nshow_section=\nlink_section=\nshow_category=\nlink_category=\nshow_author=\nshow_create_date=\nshow_modify_date=\nshow_item_navigation=\nshow_readmore=\nshow_vote=\nshow_icons=\nshow_pdf_icon=\nshow_print_icon=\nshow_email_icon=\nshow_hits=\nfeed_summary=\npage_title=\nshow_page_title=1\npageclass_sfx=\nmenu_image=-1\nsecure=0\n\n', 0, 0, 0),
(14, 'mainmenu', 'CINE', 'cine', 'index.php?option=com_content&view=category&layout=blog&id=1', 'component', -2, 0, 20, 1, 3, 0, '0000-00-00 00:00:00', 0, 0, 0, 0, 'show_description=0\nshow_description_image=0\nnum_leading_articles=1\nnum_intro_articles=4\nnum_columns=2\nnum_links=4\norderby_pri=\norderby_sec=\nmulti_column_order=0\nshow_pagination=2\nshow_pagination_results=1\nshow_feed_link=1\nshow_noauth=\nshow_title=\nlink_titles=\nshow_intro=\nshow_section=\nlink_section=\nshow_category=\nlink_category=\nshow_author=\nshow_create_date=\nshow_modify_date=\nshow_item_navigation=\nshow_readmore=\nshow_vote=\nshow_icons=\nshow_pdf_icon=\nshow_print_icon=\nshow_email_icon=\nshow_hits=\nfeed_summary=\npage_title=\nshow_page_title=1\npageclass_sfx=\nmenu_image=-1\nsecure=0\n\n', 0, 0, 0),
(15, 'mainmenu', 'Agenda', 'agenda', 'index.php?option=com_content&view=section&layout=blog&id=3', 'component', 1, 0, 20, 0, 15, 0, '0000-00-00 00:00:00', 0, 0, 0, 0, 'show_description=0\nshow_description_image=0\nnum_leading_articles=0\nnum_intro_articles=8\nnum_columns=1\nnum_links=0\norderby_pri=\norderby_sec=\nmulti_column_order=0\nshow_pagination=2\nshow_pagination_results=1\nshow_feed_link=1\nshow_noauth=\nshow_title=\nlink_titles=\nshow_intro=\nshow_section=\nlink_section=\nshow_category=\nlink_category=\nshow_author=0\nshow_create_date=0\nshow_modify_date=0\nshow_item_navigation=0\nshow_readmore=0\nshow_vote=0\nshow_icons=\nshow_pdf_icon=\nshow_print_icon=\nshow_email_icon=\nshow_hits=\nfeed_summary=\npage_title=\nshow_page_title=1\npageclass_sfx=\nmenu_image=-1\nsecure=0\n\n', 0, 0, 0),
(16, 'mainmenu', 'Mapa', 'mapa', 'index.php?option=com_zonales&view=mapa', 'component', -2, 0, 49, 0, 1, 0, '0000-00-00 00:00:00', 0, 0, 0, 0, 'page_title=\nshow_page_title=1\npageclass_sfx=\nmenu_image=-1\nsecure=0\n\n', 0, 0, 0),
(17, 'mainmenu', 'Contactos', 'contactos', 'index.php?option=com_content&view=article&id=191', 'component', 0, 0, 20, 0, 16, 0, '0000-00-00 00:00:00', 0, 0, 0, 0, 'show_noauth=\nshow_title=\nlink_titles=0\nshow_intro=\nshow_section=0\nlink_section=0\nshow_category=0\nlink_category=0\nshow_author=0\nshow_create_date=0\nshow_modify_date=0\nshow_item_navigation=0\nshow_readmore=0\nshow_vote=0\nshow_icons=0\nshow_pdf_icon=0\nshow_print_icon=0\nshow_email_icon=0\nshow_hits=0\nfeed_summary=\npage_title=\nshow_page_title=1\npageclass_sfx=_contactos\nmenu_image=-1\nsecure=0\n\n', 0, 0, 0);

--
-- Volcar la base de datos para la tabla `jos_sections`
--

INSERT INTO `jos_sections` (`id`, `title`, `name`, `alias`, `image`, `scope`, `image_position`, `description`, `published`, `checked_out`, `checked_out_time`, `ordering`, `access`, `count`, `params`) VALUES
(1, 'Noticias', '', 'noticias', '', 'content', 'left', 'Noticias y Prensa', 1, 74, '2010-05-26 21:26:32', 1, 0, 6, ''),
(2, 'Guías Utiles', '', 'guias-utiles', '', 'content', 'left', 'Información útil sobre el municipio.', 1, 0, '0000-00-00 00:00:00', 2, 0, 0, ''),
(3, 'Agenda', '', 'agenda', '', 'content', 'left', 'Enterate de todos las novedades y eventos.', 1, 0, '0000-00-00 00:00:00', 3, 0, 2, ''),
(4, 'Clasificados', '', 'clasificados', '', 'content', 'left', 'Los clasificados más cerca tuyo.', 1, 0, '0000-00-00 00:00:00', 4, 0, 0, ''),
(5, 'Slideshow', '', 'slideshow', '', 'content', 'left', '', 1, 0, '0000-00-00 00:00:00', 5, 0, 1, ''),
(6, 'Soy corresponsal', '', 'soy-corresponsal', '', 'content', 'left', '', 1, 0, '0000-00-00 00:00:00', 6, 0, 1, ''),
(7, 'Test', '', 'test', '', 'content', 'left', '<p>Sección en la cual se incluiran noticias cargadas con fines de testing<br mce_bogus="1"></p>', 1, 0, '0000-00-00 00:00:00', 7, 0, 1, '');

--
-- Volcar la base de datos para la tabla `jos_zonales_cp2tipotag`
--

INSERT INTO `jos_zonales_cp2tipotag` (`id`, `tipo_id`, `field_id`) VALUES
(1, 1, 1),
(2, 1, 3),
(3, 1, 4),
(4, 1, 5),
(5, 1, 6),
(6, 1, 7),
(7, 1, 8),
(8, 1, 9),
(9, 1, 10),
(10, 2, 15),
(11, 2, 16);

--
-- Volcar la base de datos para la tabla `jos_zonales_cp2tipotag_bak`
--

INSERT INTO `jos_zonales_cp2tipotag_bak` (`id`, `tipo_id`, `field_id`) VALUES
(1, 1, 1),
(2, 1, 3),
(3, 1, 4),
(4, 1, 5),
(5, 1, 6),
(6, 1, 7),
(7, 1, 8),
(8, 1, 9),
(9, 1, 10),
(10, 2, 15),
(11, 2, 16);

--
-- Volcar la base de datos para la tabla `jos_zonales_menu`
--

INSERT INTO `jos_zonales_menu` (`id`, `menu_id`, `field_id`, `value_id`, `title`) VALUES
(1, 2, 15, 99, 'menu_zonales'),
(2, 3, 15, 101, 'menu_zonales'),
(3, 4, 15, 102, 'menu_zonales'),
(4, 5, 15, 161, 'menu_zonales'),
(5, 6, 15, 100, 'menu_zonales'),
(6, 7, 15, 162, 'menu_zonales'),
(7, 15, 16, 117, 'menu_zonales'),
(8, 15, 16, 113, 'Espectáculos'),
(9, 15, 16, 114, 'Deportes');

--
-- Volcar la base de datos para la tabla `jos_zonales_menu_bak`
--

INSERT INTO `jos_zonales_menu_bak` (`id`, `menu_id`, `field_id`, `value_id`, `title`) VALUES
(1, 2, 15, 99, 'menu_zonales'),
(2, 3, 15, 101, 'menu_zonales'),
(3, 4, 15, 102, 'menu_zonales'),
(4, 5, 15, 161, 'menu_zonales'),
(5, 6, 15, 100, 'menu_zonales'),
(6, 7, 15, 162, 'menu_zonales'),
(7, 15, 16, 117, 'menu_zonales'),
(8, 15, 16, 113, 'Espectáculos'),
(9, 15, 16, 114, 'Deportes');

--
-- Volcar la base de datos para la tabla `jos_zonales_tipotag`
--

INSERT INTO `jos_zonales_tipotag` (`id`, `tipo`) VALUES
(1, 'zonal'),
(2, 'menu');

--
-- Volcar la base de datos para la tabla `jos_zonales_tipotag_bak`
--

INSERT INTO `jos_zonales_tipotag_bak` (`id`, `tipo`) VALUES
(1, 'zonal'),
(2, 'menu');
