<?xml version="1.0" encoding="utf-8"?>
<install type="module" version="1.5.0">
    <name>La Voz del Vecino</name>
    <author>Mediabit</author>
    <creationDate>Julio 2009</creationDate>
    <copyright/>
    <license/>
    <authorEmail/>
    <authorUrl>http://www.mediabit.com.ar</authorUrl>
    <version>0.1</version>
    <description>MOD_LAVOZDELVECINO_DESC</description>
    <files>
        <filename module="mod_lavozdelvecino">mod_lavozdelvecino.php</filename>
        <filename>index.html</filename>
        <filename>tmpl/default.php</filename>
        <filename>tmpl/index.html</filename>
    </files>
    <languages folder="language">
        <language tag="es-ES">es-ES.mod_lavozdelvecino.ini</language>
    </languages>
    <params>
        <param name="cant_articles" type="text" default="5" label="CANTARTICLES" description="TIP_CANTARTICLES" />
    </params>
</install>