<?xml version="1.0" encoding="utf-8"?>
<install type="module" version="1.5.0">
    <name>Message Presenter</name>
    <author>Cristian Pacheco</author>
    <creationDate>May 2010</creationDate>
    <copyright>(C) 2010 Cristian Pacheco. All rights reserved.</copyright>
    <license>http://www.gnu.org/copyleft/gpl.html GNU/GPL</license>
    <authorEmail>cpacheco@lavabit.com</authorEmail>
    <version>1.0.0</version>
    <description>Modulo que muestra mensajes al usuario
    </description>
    <files>
        <filename module="mod_message"
               >mod_message.php
        </filename>
        <filename>tmpl/default.php</filename>
        <filename>tmpl/index.html</filename>
        <filename>index.html</filename>
        <filename>constants.php</filename>
    </files>
    <params>
          <param name="icondir" type="text" default="images/message/"
               label="Directorio de los iconos"
               description=
                "Permite especificar el directorio donde se encuentran alojados los iconos" />
     </params>
     <languages folder="language">
        <language tag="es-ES">es-ES.mod_message.ini</language>
    </languages>
</install>
