<?xml version="1.0" encoding="utf-8"?>
<install version="1.5" type="plugin" group="content">
    <name>Content - Solr Events</name>
    <author>Mediabit</author>
    <creationDate>Mayo 2010</creationDate>
    <copyright>Copyright (C) 2010 Mediabit. All rights reserved.</copyright>
    <license>http://www.gnu.org/licenses/gpl-2.0.html GNU/GPL</license>
    <authorEmail>admin@mediabit.com.ar</authorEmail>
    <authorUrl>www.mediabit.com.ar</authorUrl>
    <version>0.1</version>
    <description>Indexa el contenido creado en el servidor Solr</description>
    <files>
        <filename plugin="solrevents">solrevents.php</filename>
    </files>
    <languages folder="language">
        <language tag="es-ES">es-ES.plg_content_solrevents.ini</language>
    </languages>
    <params>        
    </params>
</install>