<?xml version="1.0" encoding="utf-8"?>
<install type="component" version="1.5.0">
    <name>Alias</name>
 <!-- The following elements are optional and free of formatting conttraints -->
    <creationDate>2010-02-14</creationDate>
    <author>Cristian Pacheco</author>
    <authorEmail>cpacheco@lavabit.com</authorEmail>
    <copyright>(c) Cristian Pacheco 2010</copyright>
    <license>GPLv3</license>
 <!--  The version string is recorded in the components table -->
    <version>1.0</version>
 <!-- The description is optional and defaults to the name -->
    <description>Permite habilitar/deshabilitar alias,
 asi como registrar alias nuevos
    </description>

 <!-- Site Main File Copy Section -->
 <!-- Note the folder attribute: This attribute describes the folder
      to copy FROM in the package to install therefore files copied
      in this section are copied from /site/ in the package -->
    <files>
        <filename>controller.php</filename>
        <filename>alias.php</filename>
        <filename>views/alias/view.html.php</filename>
        <filename>views/alias/tmpl/default.php</filename>
        <filename>views/addmessage/view.html.php</filename>
        <filename>views/addmessage/tmpl/default.php</filename>
    </files>
    <languages folder="language">
        <language tag="es-ES">es-ES.com_alias.ini</language>
    </languages>

    <administration>
  <!-- Administration Menu Section -->
        <menu>Administracion de alias</menu>

    </administration>

</install>
