<?xml version="1.0" encoding="utf-8"?>
<install type="component" version="1.5.0">
  <name>Zonales</name>
  <author>Mediabit</author>
  <creationDate>2009</creationDate>
  <copyright>Copyright (C) 2009 Mediabit. All rights reserved.</copyright>
  <license>http://www.gnu.org/licenses/gpl-2.0.html GNU/GPL</license>
  <authorEmail/>
  <authorUrl/>
  <version>0.1</version>
  <description>Zonales</description>
  <install>
    <sql>
      <file driver="mysql" charset="utf8">install.mysql.sql</file>
    </sql>
  </install>
  <uninstall>
    <sql>
      <file driver="mysql" charset="utf8">uninstall.mysql.sql</file>
    </sql>
  </uninstall>
  <files>
    <filename>zonales.php</filename>
    <filename>index.html</filename>
    <filename>controller.php</filename>
    <filename>helper.php</filename>

    <filename>views/index.html</filename>
    <filename>views/zonal/view.html.php</filename>
    <filename>views/zonal/index.html</filename>
    <filename>views/zonal/metadata.xml</filename>
    <filename>views/zonal/tmpl/index.html</filename>
    <filename>views/zonal/tmpl/default.xml</filename>
    <filename>views/zonal/tmpl/default.php</filename>

    <filename>views/enlared/view.html.php</filename>
    <filename>views/enlared/index.html</filename>    
    <filename>views/enlared/tmpl/index.html</filename>    
    <filename>views/enlared/tmpl/default.php</filename>

    <filename>views/relevantes/view.html.php</filename>
    <filename>views/relevantes/index.html</filename>
    <filename>views/relevantes/tmpl/index.html</filename>
    <filename>views/relevantes/tmpl/default.php</filename>

    <filename>views/geolocacion/view.html.php</filename>
    <filename>views/geolocacion/index.html</filename>
    <filename>views/geolocacion/tmpl/index.html</filename>
    <filename>views/geolocacion/tmpl/default.php</filename>

    <filename>views/mapa/view.html.php</filename>
    <filename>views/mapa/index.html</filename>
    <filename>views/mapa/metadata.xml</filename>
    <filename>views/mapa/tmpl/index.html</filename>
    <filename>views/mapa/tmpl/default.xml</filename>
    <filename>views/mapa/tmpl/default.php</filename>
  </files>
  <languages folder="language">
    <language tag="es-ES">es-ES.com_zonales.ini</language>
  </languages>
  <administration>
    <menu>Zonales</menu>
    <submenu>
      <menu task="listMenu">Asociar Menús</menu>
      <menu task="listCp2TipoTag">Asociar Tipos</menu>
      <menu task="listTipoTag">Tipos de Tag</menu>
    </submenu>
    <files folder="admin">
      <filename>admin.zonales.php</filename>
      <filename>config.xml</filename>
      <filename>controller.php</filename>
      <filename>helper.php</filename>
      <filename>index.html</filename>
      <filename>install.mysql.sql</filename>
      <filename>toolbar.zonales.html.php</filename>
      <filename>toolbar.zonales.php</filename>
      <filename>uninstall.mysql.sql</filename>

      <filename>models/basemodel.php</filename>
      <filename>models/index.html</filename>
      <filename>models/tipotag.php</filename>
      <filename>models/cp2tipotag.php</filename>
      <filename>models/menu.php</filename>
      <filename>models/zbanner.php</filename>

      <filename>tables/index.html</filename>
      <filename>tables/tipotag.php</filename>
      <filename>tables/cp2tipotag.php</filename>
      <filename>tables/menu.php</filename>

      <filename>views/listatipotag/tmpl/default.php</filename>
      <filename>views/listatipotag/tmpl/index.html</filename>
      <filename>views/listatipotag/index.html</filename>
      <filename>views/listatipotag/view.html.php</filename>

      <filename>views/listacp2tipotag/tmpl/default.php</filename>
      <filename>views/listacp2tipotag/tmpl/index.html</filename>
      <filename>views/listacp2tipotag/index.html</filename>
      <filename>views/listacp2tipotag/view.html.php</filename>

      <filename>views/listamenu/tmpl/default.php</filename>
      <filename>views/listamenu/tmpl/index.html</filename>
      <filename>views/listamenu/index.html</filename>
      <filename>views/listamenu/view.html.php</filename>

      <filename>views/editatipotag/tmpl/default.php</filename>
      <filename>views/editatipotag/tmpl/index.html</filename>
      <filename>views/editatipotag/index.html</filename>
      <filename>views/editatipotag/view.html.php</filename>

      <filename>views/editacp2tipotag/tmpl/default.php</filename>
      <filename>views/editacp2tipotag/tmpl/index.html</filename>
      <filename>views/editacp2tipotag/index.html</filename>
      <filename>views/editacp2tipotag/view.html.php</filename>

      <filename>views/editamenu/tmpl/default.php</filename>
      <filename>views/editamenu/tmpl/index.html</filename>
      <filename>views/editamenu/index.html</filename>
      <filename>views/editamenu/view.html.php</filename>

      <filename>views/baseview.php</filename>
    </files>
    <languages folder="admin/language">
      <language tag="es-ES">es-ES.com_zonales.ini</language>
    </languages>
  </administration>
</install>
