<?xml version="1.0" encoding="utf-8"?>
<metafile version="1.5"  client="site" >
	<tag>es-ES</tag>
	<name>Español(Spanish Formal International)</name>
	<description>Archivos de idioma español para la portada de Joomla! 1.5.10 - Spanish front language pack for Joomla 1.5.10</description>
	<version>1.5.10</version>
	<creationDate>15 mar 2009</creationDate>
	<author>TodosJuntos.org</author>
	<authorUrl>www.todosjuntos.org</authorUrl>
	<authorEmail>traduccion@todosjuntos.org</authorEmail>
	<copyright>(C) 2005 - 2009 TodosJuntos.org. All rights reserved.</copyright>
	<license>http://www.gnu.org/licenses/gpl-2.0.html GNU/GPL</license>
	<metadata>
		<name>Español(Spanish Formal International)</name>
		<tag>es-ES</tag>
		<rtl>0</rtl>
		<locale>es_ES.UTF-8, spa_ES.UTF-8, es_ES, spanish.UTF-8, spanish,</locale>
		<winCodePage>iso-8859-1</winCodePage>
		<backwardLang>spanish</backwardLang>
		<pdfFontName>freesans</pdfFontName>
	</metadata>
	<params></params>
</metafile>
