<?xml version="1.0" encoding="utf-8" ?>
<install version="1.5" client="site" type="language" method="upgrade">
    <name>Español(Spanish Formal International)</name>
    <tag>es-ES</tag>
    <version>1.5.10</version>
    <creationDate>15 mar 2009</creationDate>
    <author>TodosJuntos.org</author>
    <authoremail>traduccion@todosjuntos.org</authoremail>
    <authorurl>www.todosjuntos.org</authorurl>
    <copyright>(C) 2005 - 2009 TodosJuntos.org. All rights reserved.</copyright>
    <license>http://www.gnu.org/licenses/gpl-2.0.html GNU/GPL</license>
    <description>Archivos de idioma español para la portada de Joomla! 1.5.10 - Spanish front language pack for Joomla 1.5.10</description>
    <files>
		<filename>es-ES.com_banners.ini</filename>
		<filename>es-ES.com_contact.ini</filename>
		<filename>es-ES.com_content.ini</filename>
		<filename>es-ES.com_frontpage.ini</filename>
		<filename>es-ES.com_mailto.ini</filename>
		<filename>es-ES.com_media.ini</filename>
		<filename>es-ES.com_messages.ini</filename>
		<filename>es-ES.com_newsfeeds.ini</filename>
		<filename>es-ES.com_poll.ini</filename>
		<filename>es-ES.com_search.ini</filename>
		<filename>es-ES.com_user.ini</filename>
		<filename>es-ES.com_weblinks.ini</filename>
		<filename>es-ES.com_wrapper.ini</filename>
		<filename>es-ES.ini</filename>
		<filename>es-ES.mod_archive.ini</filename>
		<filename>es-ES.mod_banners.ini</filename>
		<filename>es-ES.mod_breadcrumbs.ini</filename>
		<filename>es-ES.mod_custom.ini</filename>
		<filename>es-ES.mod_feed.ini</filename>
		<filename>es-ES.mod_footer.ini</filename>
		<filename>es-ES.mod_latestnews.ini</filename>
		<filename>es-ES.mod_login.ini</filename>
		<filename>es-ES.mod_mainmenu.ini</filename>
		<filename>es-ES.mod_mostread.ini</filename>
		<filename>es-ES.mod_newsflash.ini</filename>
		<filename>es-ES.mod_online.ini</filename>
		<filename>es-ES.mod_poll.ini</filename>
		<filename>es-ES.mod_random_image.ini</filename>
		<filename>es-ES.mod_related_items.ini</filename>
		<filename>es-ES.mod_search.ini</filename>
		<filename>es-ES.mod_sections.ini</filename>
		<filename>es-ES.mod_stats.ini</filename>
		<filename>es-ES.mod_syndicate.ini</filename>
		<filename>es-ES.mod_whosonline.ini</filename>
		<filename>es-ES.mod_wrapper.ini</filename>
		<filename>es-ES.plg_content_vote.ini</filename>
		<filename>es-ES.plg_content_pagebreak.ini</filename>
		<filename>es-ES.plg_search_categories.ini</filename>
		<filename>es-ES.plg_search_contacts.ini</filename>
		<filename>es-ES.plg_search_content.ini</filename>
		<filename>es-ES.plg_search_newsfeeds.ini</filename>
		<filename>es-ES.plg_search_sections.ini</filename>
		<filename>es-ES.plg_search_weblinks.ini</filename>
		<filename>es-ES.plg_system_debug.ini</filename>
		<filename>es-ES.tpl_beez.ini</filename>
		<filename>es-ES.tpl_ja_purity.ini</filename>
		<filename>es-ES.tpl_rhuk_milkyway.ini</filename>
		<filename file="meta">es-ES.xml</filename>
	</files>
	<params />
</install>
